first_name2,middle_name2,last_name2
chih-ping,,tso
terry,,winograd
walter,,suchon
chryssostomos,,chryssostomidis
edmund,aloysius,kelly
peter,joseph,palmer
satyaki,,basu
enrique,,kilayko
alfred,israel,raff
anton,keats,simson
johannes,philipp,holschneider
moss,eisenberg,sweedler
aly,mahmoud,el-shiekh
calvin,fred,opitz
ary,mochtar,pedju
james,robert,bonar
gerald,,gruber
robert,hamilton,cannon
gerhardt,christopher,clementson
george,,nez
charles,winfred,washburn
douglas,s,powell
frederick,h,reuter
alan,,stenning
paul,r,paslay
1927-,,webb
1931-,,reiner
vivaldis,,paukulis
richard,m,horowitz
harold,w,wyckoff
norman,keith,scott
george,barwick,wilmot
richard,h,lyon
robert,edward,coughlin
robert,lee,jeffcoat
eric,herschler,bott
alberto,,azuma
octavio,,maizza neto
leon,gardner,shiman
steven,coburn,hayes
william,harold,soupcoff
david,,cylkowski
vivian,ellen,loftness
sanford,j,neuhaus
xinmin,,chen
1918-,,gangnes
archie,allan,stone
richard,y,newton
stephen,h,crandall
viggo,e,maack
james,,holmes
kenneth,lee,kienas
margaret,mary,sheridan
richard,john,fenchak
john,william,hellgeth
walid,khaled,eid
mutasim,fuad,baba
thomas,,dingus
mickey,,gunter
henry,van tuyl,cotter
melissa,clare,connaway
claire,elaine,crutchley
sterling,,marshall
mohammad,ali,saed
bruce,shiu-leung,tang
james,richard,mckenna
joanna,,grymes
,,randall
doron,,shalev
robert,nicholas,antenucci
lena,,hall
brian,victor,bredenkamp
ronald,eugene,hawkins
lin-ying,,lai
william,,yurochko
helene,sarah,aiello
beryle,crockett,santon
,,clemons
ann,marie,hellstern
cynthia,ann,arnold
libra,cleveland,gysel
juan,pedro,arhancet
ha,chul,kim
jorge,luis,yordan hernandez
john,alan,chermak
robert,thomas,arenburg
christine,mae,gruhn
gbemiga,adekunmi,ayangbile
david,henry,cohen
linda,ellen,morris
anthony,joseph,oliveira
lillie,mae,anderton
kimberly,dean,bennett
susan,ann,semanic-lauth
chian-yeun,,chang
allen,lee,sehn
zhiqiang,,wang
william,john,chism
thomas,,barton
joseph,mark,desimone
