filename,class
/home/mchou001/Label-Acknowledgement/501/aug0.png,Label-Acknowledgement
/home/mchou001/Label-Acknowledgement/501/aug1.png,Label-Acknowledgement
/home/mchou001/Label-Acknowledgement/501/aug2.png,Label-Acknowledgement
/home/mchou001/Label-Acknowledgement/501/aug3.png,Label-Acknowledgement
/home/mchou001/Label-Acknowledgement/501/aug4.png,Label-Acknowledgement
/home/mchou001/Label-Acknowledgement/501/aug5.png,Label-Acknowledgement
/home/mchou001/Label-Acknowledgement/501/aug6.png,Label-Acknowledgement
/home/mchou001/Label-Acknowledgement/501/aug7.png,Label-Acknowledgement
/home/mchou001/Label-Acknowledgement/501/aug8.png,Label-Acknowledgement
/home/mchou001/Label-Acknowledgement/501/aug9.png,Label-Acknowledgement
/home/mchou001/Label-Acknowledgement/501/aug10.png,Label-Acknowledgement
/home/mchou001/Label-Acknowledgement/501/aug11.png,Label-Acknowledgement
/home/mchou001/Label-Acknowledgement/501/aug12.png,Label-Acknowledgement
/home/mchou001/Label-Acknowledgement/501/aug13.png,Label-Acknowledgement
/home/mchou001/Label-Acknowledgement/501/aug14.png,Label-Acknowledgement
/home/mchou001/Label-Acknowledgement/501/aug15.png,Label-Acknowledgement
/home/mchou001/Label-Acknowledgement/501/aug16.png,Label-Acknowledgement
/home/mchou001/Label-Acknowledgement/501/aug17.png,Label-Acknowledgement
/home/mchou001/Label-Acknowledgement/501/aug18.png,Label-Acknowledgement
/home/mchou001/Label-Acknowledgement/501/aug19.png,Label-Acknowledgement
/home/mchou001/Label-Acknowledgement/501/aug20.png,Label-Acknowledgement
/home/mchou001/Label-Acknowledgement/501/aug21.png,Label-Acknowledgement
/home/mchou001/Label-Acknowledgement/501/aug22.png,Label-Acknowledgement
/home/mchou001/Label-Acknowledgement/501/aug23.png,Label-Acknowledgement
/home/mchou001/Label-Acknowledgement/501/aug24.png,Label-Acknowledgement
/home/mchou001/Label-Acknowledgement/501/aug25.png,Label-Acknowledgement
/home/mchou001/Label-Acknowledgement/501/aug26.png,Label-Acknowledgement
/home/mchou001/Label-Acknowledgement/501/aug27.png,Label-Acknowledgement
/home/mchou001/Label-Acknowledgement/501/aug28.png,Label-Acknowledgement
/home/mchou001/Label-Acknowledgement/501/aug29.png,Label-Acknowledgement
/home/mchou001/Label-Acknowledgement/501/aug30.png,Label-Acknowledgement
/home/mchou001/Label-Acknowledgement/501/aug31.png,Label-Acknowledgement
/home/mchou001/Label-Acknowledgement/501/aug32.png,Label-Acknowledgement
/home/mchou001/Label-Acknowledgement/501/aug33.png,Label-Acknowledgement
/home/mchou001/Label-Acknowledgement/501/aug34.png,Label-Acknowledgement
/home/mchou001/Label-Acknowledgement/501/aug35.png,Label-Acknowledgement
/home/mchou001/Label-Acknowledgement/501/aug36.png,Label-Acknowledgement
/home/mchou001/Label-Acknowledgement/501/aug37.png,Label-Acknowledgement
/home/mchou001/Label-Acknowledgement/501/aug38.png,Label-Acknowledgement
/home/mchou001/Label-Acknowledgement/501/aug39.png,Label-Acknowledgement
/home/mchou001/Label-Acknowledgement/501/aug40.png,Label-Acknowledgement
/home/mchou001/Label-Acknowledgement/501/aug41.png,Label-Acknowledgement
/home/mchou001/Label-Acknowledgement/501/aug42.png,Label-Acknowledgement
/home/mchou001/Label-Acknowledgement/501/aug43.png,Label-Acknowledgement
/home/mchou001/Label-Acknowledgement/501/aug44.png,Label-Acknowledgement
/home/mchou001/Label-Acknowledgement/501/aug45.png,Label-Acknowledgement
/home/mchou001/Label-Acknowledgement/501/aug46.png,Label-Acknowledgement
/home/mchou001/Label-Acknowledgement/501/aug47.png,Label-Acknowledgement
/home/mchou001/Label-Acknowledgement/501/aug48.png,Label-Acknowledgement
/home/mchou001/Label-Acknowledgement/501/aug49.png,Label-Acknowledgement
/home/mchou001/Label-Acknowledgement/501/aug50.png,Label-Acknowledgement
/home/mchou001/Label-Acknowledgement/501/aug51.png,Label-Acknowledgement
/home/mchou001/Label-Acknowledgement/501/aug52.png,Label-Acknowledgement
/home/mchou001/Label-Acknowledgement/501/aug53.png,Label-Acknowledgement
/home/mchou001/Label-Acknowledgement/501/aug54.png,Label-Acknowledgement
/home/mchou001/Label-Acknowledgement/501/aug55.png,Label-Acknowledgement
/home/mchou001/Label-Acknowledgement/501/aug56.png,Label-Acknowledgement
/home/mchou001/Label-Acknowledgement/501/aug57.png,Label-Acknowledgement
/home/mchou001/Label-Acknowledgement/501/aug58.png,Label-Acknowledgement
/home/mchou001/Label-Acknowledgement/501/aug59.png,Label-Acknowledgement
/home/mchou001/Label-Acknowledgement/501/aug60.png,Label-Acknowledgement
/home/mchou001/Label-Acknowledgement/501/aug61.png,Label-Acknowledgement
/home/mchou001/Label-Acknowledgement/501/aug62.png,Label-Acknowledgement
/home/mchou001/Label-Acknowledgement/501/aug63.png,Label-Acknowledgement
/home/mchou001/Label-Acknowledgement/501/aug64.png,Label-Acknowledgement
/home/mchou001/Label-Acknowledgement/501/aug65.png,Label-Acknowledgement
/home/mchou001/Label-Acknowledgement/501/aug66.png,Label-Acknowledgement
/home/mchou001/Label-Acknowledgement/501/aug67.png,Label-Acknowledgement
/home/mchou001/Label-Acknowledgement/501/aug68.png,Label-Acknowledgement
/home/mchou001/Label-Acknowledgement/501/aug69.png,Label-Acknowledgement
/home/mchou001/Label-Acknowledgement/501/aug70.png,Label-Acknowledgement
/home/mchou001/Label-Acknowledgement/501/aug71.png,Label-Acknowledgement
/home/mchou001/Label-Acknowledgement/501/aug72.png,Label-Acknowledgement
/home/mchou001/Label-Acknowledgement/501/aug73.png,Label-Acknowledgement
/home/mchou001/Label-Acknowledgement/501/aug74.png,Label-Acknowledgement
/home/mchou001/Label-Acknowledgement/501/aug75.png,Label-Acknowledgement
/home/mchou001/Label-Acknowledgement/501/aug76.png,Label-Acknowledgement
/home/mchou001/Label-Acknowledgement/501/aug77.png,Label-Acknowledgement
/home/mchou001/Label-Acknowledgement/501/aug78.png,Label-Acknowledgement
/home/mchou001/Label-Acknowledgement/501/aug79.png,Label-Acknowledgement
/home/mchou001/Label-Acknowledgement/501/aug80.png,Label-Acknowledgement
/home/mchou001/Label-Acknowledgement/501/aug81.png,Label-Acknowledgement
/home/mchou001/Label-Acknowledgement/501/aug82.png,Label-Acknowledgement
/home/mchou001/Label-Acknowledgement/501/aug83.png,Label-Acknowledgement
/home/mchou001/Label-Acknowledgement/501/aug84.png,Label-Acknowledgement
/home/mchou001/Label-Acknowledgement/501/aug85.png,Label-Acknowledgement
/home/mchou001/Label-Acknowledgement/501/aug86.png,Label-Acknowledgement
/home/mchou001/Label-Acknowledgement/501/aug87.png,Label-Acknowledgement
/home/mchou001/Label-Acknowledgement/501/aug88.png,Label-Acknowledgement
/home/mchou001/Label-Acknowledgement/501/aug89.png,Label-Acknowledgement
/home/mchou001/Label-Acknowledgement/501/aug90.png,Label-Acknowledgement
/home/mchou001/Label-Acknowledgement/501/aug91.png,Label-Acknowledgement
/home/mchou001/Label-Acknowledgement/501/aug92.png,Label-Acknowledgement
/home/mchou001/Label-Acknowledgement/501/aug93.png,Label-Acknowledgement
/home/mchou001/Label-Acknowledgement/501/aug94.png,Label-Acknowledgement
/home/mchou001/Label-Acknowledgement/501/aug95.png,Label-Acknowledgement
/home/mchou001/Label-Acknowledgement/501/aug96.png,Label-Acknowledgement
/home/mchou001/Label-Acknowledgement/501/aug97.png,Label-Acknowledgement
/home/mchou001/Label-Acknowledgement/501/aug98.png,Label-Acknowledgement
/home/mchou001/Label-Acknowledgement/501/aug99.png,Label-Acknowledgement
/home/mchou001/Label-Acknowledgement/501/aug100.png,Label-Acknowledgement
/home/mchou001/Label-Acknowledgement/501/aug101.png,Label-Acknowledgement
/home/mchou001/Label-Acknowledgement/501/aug102.png,Label-Acknowledgement
/home/mchou001/Label-Acknowledgement/501/aug103.png,Label-Acknowledgement
/home/mchou001/Label-Acknowledgement/501/aug104.png,Label-Acknowledgement
/home/mchou001/Label-Acknowledgement/501/aug105.png,Label-Acknowledgement
/home/mchou001/Label-Acknowledgement/501/aug106.png,Label-Acknowledgement
/home/mchou001/Label-Acknowledgement/501/aug107.png,Label-Acknowledgement
/home/mchou001/Label-Acknowledgement/501/aug108.png,Label-Acknowledgement
/home/mchou001/Label-Acknowledgement/501/aug109.png,Label-Acknowledgement
/home/mchou001/Label-Acknowledgement/501/aug110.png,Label-Acknowledgement
/home/mchou001/Label-Acknowledgement/501/aug111.png,Label-Acknowledgement
/home/mchou001/Label-Acknowledgement/501/aug112.png,Label-Acknowledgement
/home/mchou001/Label-Acknowledgement/501/aug113.png,Label-Acknowledgement
/home/mchou001/Label-Acknowledgement/501/aug114.png,Label-Acknowledgement
/home/mchou001/Label-Acknowledgement/501/aug115.png,Label-Acknowledgement
/home/mchou001/Label-Acknowledgement/501/aug116.png,Label-Acknowledgement
/home/mchou001/Label-Acknowledgement/501/aug117.png,Label-Acknowledgement
/home/mchou001/Label-Acknowledgement/501/aug118.png,Label-Acknowledgement
/home/mchou001/Label-Acknowledgement/501/aug119.png,Label-Acknowledgement
/home/mchou001/Label-Acknowledgement/501/aug120.png,Label-Acknowledgement
/home/mchou001/Label-Acknowledgement/501/aug121.png,Label-Acknowledgement
/home/mchou001/Label-Acknowledgement/501/aug122.png,Label-Acknowledgement
/home/mchou001/Label-Acknowledgement/501/aug123.png,Label-Acknowledgement
/home/mchou001/Label-Acknowledgement/501/aug124.png,Label-Acknowledgement
/home/mchou001/Label-Acknowledgement/501/aug125.png,Label-Acknowledgement
/home/mchou001/Label-Acknowledgement/501/aug126.png,Label-Acknowledgement
/home/mchou001/Label-Acknowledgement/501/aug127.png,Label-Acknowledgement
/home/mchou001/Label-Acknowledgement/501/aug128.png,Label-Acknowledgement
/home/mchou001/Label-Acknowledgement/501/aug129.png,Label-Acknowledgement
/home/mchou001/Label-Acknowledgement/501/aug130.png,Label-Acknowledgement
/home/mchou001/Label-Acknowledgement/501/aug131.png,Label-Acknowledgement
/home/mchou001/Label-Acknowledgement/501/aug132.png,Label-Acknowledgement
/home/mchou001/Label-Acknowledgement/501/aug133.png,Label-Acknowledgement
/home/mchou001/Label-Acknowledgement/501/aug134.png,Label-Acknowledgement
/home/mchou001/Label-Acknowledgement/501/aug135.png,Label-Acknowledgement
/home/mchou001/Label-Acknowledgement/501/aug136.png,Label-Acknowledgement
/home/mchou001/Label-Acknowledgement/501/aug137.png,Label-Acknowledgement
/home/mchou001/Label-Acknowledgement/501/aug138.png,Label-Acknowledgement
/home/mchou001/Label-Acknowledgement/501/aug139.png,Label-Acknowledgement
/home/mchou001/Label-Acknowledgement/501/aug140.png,Label-Acknowledgement
/home/mchou001/Label-Acknowledgement/501/aug141.png,Label-Acknowledgement
/home/mchou001/Label-Acknowledgement/501/aug142.png,Label-Acknowledgement
/home/mchou001/Label-Acknowledgement/501/aug143.png,Label-Acknowledgement
/home/mchou001/Label-Acknowledgement/501/aug144.png,Label-Acknowledgement
/home/mchou001/Label-Acknowledgement/501/aug145.png,Label-Acknowledgement
/home/mchou001/Label-Acknowledgement/501/aug146.png,Label-Acknowledgement
/home/mchou001/Label-Acknowledgement/501/aug147.png,Label-Acknowledgement
/home/mchou001/Label-Acknowledgement/501/aug148.png,Label-Acknowledgement
/home/mchou001/Label-Acknowledgement/501/aug149.png,Label-Acknowledgement
/home/mchou001/Label-Acknowledgement/501/aug150.png,Label-Acknowledgement
/home/mchou001/Label-Acknowledgement/501/aug151.png,Label-Acknowledgement
/home/mchou001/Label-Acknowledgement/501/aug152.png,Label-Acknowledgement
/home/mchou001/Label-Acknowledgement/501/aug153.png,Label-Acknowledgement
/home/mchou001/Label-Acknowledgement/501/aug154.png,Label-Acknowledgement
/home/mchou001/Label-Acknowledgement/501/aug155.png,Label-Acknowledgement
/home/mchou001/Label-Acknowledgement/501/aug156.png,Label-Acknowledgement
/home/mchou001/Label-Acknowledgement/501/aug157.png,Label-Acknowledgement
/home/mchou001/Label-Acknowledgement/501/aug158.png,Label-Acknowledgement
/home/mchou001/Label-Acknowledgement/501/aug159.png,Label-Acknowledgement
/home/mchou001/Label-Acknowledgement/501/aug160.png,Label-Acknowledgement
/home/mchou001/Label-Acknowledgement/501/aug161.png,Label-Acknowledgement
/home/mchou001/Label-Acknowledgement/501/aug162.png,Label-Acknowledgement
/home/mchou001/Label-Acknowledgement/501/aug163.png,Label-Acknowledgement
/home/mchou001/Label-Acknowledgement/501/aug164.png,Label-Acknowledgement
/home/mchou001/Label-Acknowledgement/501/aug165.png,Label-Acknowledgement
/home/mchou001/Label-Acknowledgement/501/aug166.png,Label-Acknowledgement
/home/mchou001/Label-Acknowledgement/501/aug167.png,Label-Acknowledgement
/home/mchou001/Label-Acknowledgement/501/aug168.png,Label-Acknowledgement
/home/mchou001/Label-Acknowledgement/501/aug169.png,Label-Acknowledgement
/home/mchou001/Label-Acknowledgement/501/aug170.png,Label-Acknowledgement
/home/mchou001/Label-Acknowledgement/501/aug171.png,Label-Acknowledgement
/home/mchou001/Label-Acknowledgement/501/aug172.png,Label-Acknowledgement
/home/mchou001/Label-Acknowledgement/501/aug173.png,Label-Acknowledgement
/home/mchou001/Label-Acknowledgement/501/aug174.png,Label-Acknowledgement
/home/mchou001/Label-Acknowledgement/501/aug175.png,Label-Acknowledgement
/home/mchou001/Label-Acknowledgement/501/aug176.png,Label-Acknowledgement
/home/mchou001/Label-Acknowledgement/501/aug177.png,Label-Acknowledgement
/home/mchou001/Label-Acknowledgement/501/aug178.png,Label-Acknowledgement
/home/mchou001/Label-Acknowledgement/501/aug179.png,Label-Acknowledgement
/home/mchou001/Label-Acknowledgement/501/aug180.png,Label-Acknowledgement
/home/mchou001/Label-Acknowledgement/501/aug181.png,Label-Acknowledgement
/home/mchou001/Label-Acknowledgement/501/aug182.png,Label-Acknowledgement
/home/mchou001/Label-Acknowledgement/501/aug183.png,Label-Acknowledgement
/home/mchou001/Label-Acknowledgement/501/aug184.png,Label-Acknowledgement
/home/mchou001/Label-Acknowledgement/501/aug185.png,Label-Acknowledgement
/home/mchou001/Label-Acknowledgement/501/aug186.png,Label-Acknowledgement
/home/mchou001/Label-Acknowledgement/501/aug187.png,Label-Acknowledgement
/home/mchou001/Label-Acknowledgement/501/aug188.png,Label-Acknowledgement
/home/mchou001/Label-Acknowledgement/501/aug189.png,Label-Acknowledgement
/home/mchou001/Label-Acknowledgement/501/aug190.png,Label-Acknowledgement
/home/mchou001/Label-Acknowledgement/501/aug191.png,Label-Acknowledgement
/home/mchou001/Label-Acknowledgement/501/aug192.png,Label-Acknowledgement
/home/mchou001/Label-Acknowledgement/501/aug193.png,Label-Acknowledgement
/home/mchou001/Label-Acknowledgement/501/aug194.png,Label-Acknowledgement
/home/mchou001/Label-Acknowledgement/501/aug195.png,Label-Acknowledgement
/home/mchou001/Label-Acknowledgement/501/aug196.png,Label-Acknowledgement
/home/mchou001/Label-Acknowledgement/501/aug197.png,Label-Acknowledgement
/home/mchou001/Label-Acknowledgement/501/aug198.png,Label-Acknowledgement
/home/mchou001/Label-Acknowledgement/501/aug199.png,Label-Acknowledgement
/home/mchou001/Label-Acknowledgement/501/aug200.png,Label-Acknowledgement
/home/mchou001/Label-Acknowledgement/501/aug201.png,Label-Acknowledgement
/home/mchou001/Label-Acknowledgement/501/aug202.png,Label-Acknowledgement
/home/mchou001/Label-Acknowledgement/501/aug203.png,Label-Acknowledgement
/home/mchou001/Label-Acknowledgement/501/aug204.png,Label-Acknowledgement
/home/mchou001/Label-Acknowledgement/501/aug205.png,Label-Acknowledgement
/home/mchou001/Label-Acknowledgement/501/aug206.png,Label-Acknowledgement
/home/mchou001/Label-Acknowledgement/501/aug207.png,Label-Acknowledgement
/home/mchou001/Label-Acknowledgement/501/aug208.png,Label-Acknowledgement
/home/mchou001/Label-Acknowledgement/501/aug209.png,Label-Acknowledgement
/home/mchou001/Label-Acknowledgement/501/aug210.png,Label-Acknowledgement
/home/mchou001/Label-Acknowledgement/501/aug211.png,Label-Acknowledgement
/home/mchou001/Label-Acknowledgement/501/aug212.png,Label-Acknowledgement
/home/mchou001/Label-Acknowledgement/501/aug213.png,Label-Acknowledgement
/home/mchou001/Label-Acknowledgement/501/aug214.png,Label-Acknowledgement
/home/mchou001/Label-Acknowledgement/501/aug215.png,Label-Acknowledgement
/home/mchou001/Label-Acknowledgement/501/aug216.png,Label-Acknowledgement
/home/mchou001/Label-Acknowledgement/501/aug217.png,Label-Acknowledgement
/home/mchou001/Label-Acknowledgement/501/aug218.png,Label-Acknowledgement
/home/mchou001/Label-Acknowledgement/501/aug219.png,Label-Acknowledgement
/home/mchou001/Label-Acknowledgement/501/aug220.png,Label-Acknowledgement
/home/mchou001/Label-Acknowledgement/501/aug221.png,Label-Acknowledgement
/home/mchou001/Label-Acknowledgement/501/aug222.png,Label-Acknowledgement
/home/mchou001/Label-Acknowledgement/501/aug223.png,Label-Acknowledgement
/home/mchou001/Label-Acknowledgement/501/aug224.png,Label-Acknowledgement
/home/mchou001/Label-Acknowledgement/501/aug225.png,Label-Acknowledgement
/home/mchou001/Label-Acknowledgement/501/aug226.png,Label-Acknowledgement
/home/mchou001/Label-Acknowledgement/501/aug227.png,Label-Acknowledgement
/home/mchou001/Label-Acknowledgement/501/aug228.png,Label-Acknowledgement
/home/mchou001/Label-Acknowledgement/501/aug229.png,Label-Acknowledgement
/home/mchou001/Label-Acknowledgement/501/aug230.png,Label-Acknowledgement
/home/mchou001/Label-Acknowledgement/501/aug231.png,Label-Acknowledgement
/home/mchou001/Label-Acknowledgement/501/aug232.png,Label-Acknowledgement
/home/mchou001/Label-Acknowledgement/501/aug233.png,Label-Acknowledgement
/home/mchou001/Label-Acknowledgement/501/aug234.png,Label-Acknowledgement
/home/mchou001/Label-Acknowledgement/501/aug235.png,Label-Acknowledgement
/home/mchou001/Label-Acknowledgement/501/aug236.png,Label-Acknowledgement
/home/mchou001/Label-Acknowledgement/501/aug237.png,Label-Acknowledgement
/home/mchou001/Label-Acknowledgement/501/aug238.png,Label-Acknowledgement
/home/mchou001/Label-Acknowledgement/501/aug239.png,Label-Acknowledgement
/home/mchou001/Label-Acknowledgement/501/aug240.png,Label-Acknowledgement
/home/mchou001/Label-Acknowledgement/501/aug241.png,Label-Acknowledgement
/home/mchou001/Label-Acknowledgement/501/aug242.png,Label-Acknowledgement
/home/mchou001/Label-Acknowledgement/501/aug243.png,Label-Acknowledgement
/home/mchou001/Label-Acknowledgement/501/aug244.png,Label-Acknowledgement
/home/mchou001/Label-Acknowledgement/501/aug245.png,Label-Acknowledgement
/home/mchou001/Label-Acknowledgement/501/aug246.png,Label-Acknowledgement
/home/mchou001/Label-Acknowledgement/501/aug247.png,Label-Acknowledgement
/home/mchou001/Label-Acknowledgement/501/aug248.png,Label-Acknowledgement
/home/mchou001/Label-Acknowledgement/501/aug249.png,Label-Acknowledgement
/home/mchou001/Label-Acknowledgement/501/aug250.png,Label-Acknowledgement
/home/mchou001/Label-Acknowledgement/501/aug251.png,Label-Acknowledgement
/home/mchou001/Label-Acknowledgement/501/aug252.png,Label-Acknowledgement
/home/mchou001/Label-Acknowledgement/501/aug253.png,Label-Acknowledgement
/home/mchou001/Label-Acknowledgement/501/aug254.png,Label-Acknowledgement
/home/mchou001/Label-Acknowledgement/501/aug255.png,Label-Acknowledgement
/home/mchou001/Label-Acknowledgement/501/aug256.png,Label-Acknowledgement
/home/mchou001/Label-Acknowledgement/501/aug257.png,Label-Acknowledgement
/home/mchou001/Label-Acknowledgement/501/aug258.png,Label-Acknowledgement
/home/mchou001/Label-Acknowledgement/501/aug259.png,Label-Acknowledgement
/home/mchou001/Label-Acknowledgement/501/aug260.png,Label-Acknowledgement
/home/mchou001/Label-Acknowledgement/501/aug261.png,Label-Acknowledgement
/home/mchou001/Label-Acknowledgement/501/aug262.png,Label-Acknowledgement
/home/mchou001/Label-Acknowledgement/501/aug263.png,Label-Acknowledgement
/home/mchou001/Label-Acknowledgement/501/aug264.png,Label-Acknowledgement
/home/mchou001/Label-Acknowledgement/501/aug265.png,Label-Acknowledgement
/home/mchou001/Label-Acknowledgement/501/aug266.png,Label-Acknowledgement
/home/mchou001/Label-Acknowledgement/501/aug267.png,Label-Acknowledgement
/home/mchou001/Label-Acknowledgement/501/aug268.png,Label-Acknowledgement
/home/mchou001/Label-Acknowledgement/501/aug269.png,Label-Acknowledgement
/home/mchou001/Label-Acknowledgement/501/aug270.png,Label-Acknowledgement
/home/mchou001/Label-Acknowledgement/501/aug271.png,Label-Acknowledgement
/home/mchou001/Label-Acknowledgement/501/aug272.png,Label-Acknowledgement
/home/mchou001/Label-Acknowledgement/501/aug273.png,Label-Acknowledgement
/home/mchou001/Label-Acknowledgement/501/aug274.png,Label-Acknowledgement
/home/mchou001/Label-Acknowledgement/501/aug275.png,Label-Acknowledgement
/home/mchou001/Label-Acknowledgement/501/aug276.png,Label-Acknowledgement
/home/mchou001/Label-Acknowledgement/501/aug277.png,Label-Acknowledgement
/home/mchou001/Label-Acknowledgement/501/aug278.png,Label-Acknowledgement
/home/mchou001/Label-Acknowledgement/501/aug279.png,Label-Acknowledgement
/home/mchou001/Label-Acknowledgement/501/aug280.png,Label-Acknowledgement
/home/mchou001/Label-Acknowledgement/501/aug281.png,Label-Acknowledgement
/home/mchou001/Label-Acknowledgement/501/aug282.png,Label-Acknowledgement
/home/mchou001/Label-Acknowledgement/501/aug283.png,Label-Acknowledgement
/home/mchou001/Label-Acknowledgement/501/aug284.png,Label-Acknowledgement
/home/mchou001/Label-Acknowledgement/501/aug285.png,Label-Acknowledgement
/home/mchou001/Label-Acknowledgement/501/aug286.png,Label-Acknowledgement
/home/mchou001/Label-Acknowledgement/501/aug287.png,Label-Acknowledgement
/home/mchou001/Label-Acknowledgement/501/aug288.png,Label-Acknowledgement
/home/mchou001/Label-Acknowledgement/501/aug289.png,Label-Acknowledgement
/home/mchou001/Label-Acknowledgement/501/aug290.png,Label-Acknowledgement
/home/mchou001/Label-Acknowledgement/501/aug291.png,Label-Acknowledgement
/home/mchou001/Label-Acknowledgement/501/aug292.png,Label-Acknowledgement
/home/mchou001/Label-Acknowledgement/501/aug293.png,Label-Acknowledgement
/home/mchou001/Label-Acknowledgement/501/aug294.png,Label-Acknowledgement
/home/mchou001/Label-Acknowledgement/501/aug295.png,Label-Acknowledgement
/home/mchou001/Label-Acknowledgement/501/aug296.png,Label-Acknowledgement
/home/mchou001/Label-Acknowledgement/501/aug297.png,Label-Acknowledgement
/home/mchou001/Label-Acknowledgement/501/aug298.png,Label-Acknowledgement
/home/mchou001/Label-Acknowledgement/501/aug299.png,Label-Acknowledgement
/home/mchou001/Label-Acknowledgement/501/aug300.png,Label-Acknowledgement
/home/mchou001/Label-Acknowledgement/501/aug301.png,Label-Acknowledgement
/home/mchou001/Label-Acknowledgement/501/aug302.png,Label-Acknowledgement
/home/mchou001/Label-Acknowledgement/501/aug303.png,Label-Acknowledgement
/home/mchou001/Label-Acknowledgement/501/aug304.png,Label-Acknowledgement
/home/mchou001/Label-Acknowledgement/501/aug305.png,Label-Acknowledgement
/home/mchou001/Label-Acknowledgement/501/aug306.png,Label-Acknowledgement
/home/mchou001/Label-Acknowledgement/501/aug307.png,Label-Acknowledgement
/home/mchou001/Label-Acknowledgement/501/aug308.png,Label-Acknowledgement
/home/mchou001/Label-Acknowledgement/501/aug309.png,Label-Acknowledgement
/home/mchou001/Label-Acknowledgement/501/aug310.png,Label-Acknowledgement
/home/mchou001/Label-Acknowledgement/501/aug311.png,Label-Acknowledgement
/home/mchou001/Label-Acknowledgement/501/aug312.png,Label-Acknowledgement
/home/mchou001/Label-Acknowledgement/501/aug313.png,Label-Acknowledgement
/home/mchou001/Label-Acknowledgement/501/aug314.png,Label-Acknowledgement
/home/mchou001/Label-Acknowledgement/501/aug315.png,Label-Acknowledgement
/home/mchou001/Label-Acknowledgement/501/aug316.png,Label-Acknowledgement
/home/mchou001/Label-Acknowledgement/501/aug317.png,Label-Acknowledgement
/home/mchou001/Label-Acknowledgement/501/aug318.png,Label-Acknowledgement
/home/mchou001/Label-Acknowledgement/501/aug319.png,Label-Acknowledgement
/home/mchou001/Label-Acknowledgement/501/aug320.png,Label-Acknowledgement
/home/mchou001/Label-Acknowledgement/501/aug321.png,Label-Acknowledgement
/home/mchou001/Label-Acknowledgement/501/aug322.png,Label-Acknowledgement
/home/mchou001/Label-Acknowledgement/501/aug323.png,Label-Acknowledgement
/home/mchou001/Label-Acknowledgement/501/aug324.png,Label-Acknowledgement
/home/mchou001/Label-Acknowledgement/501/aug325.png,Label-Acknowledgement
/home/mchou001/Label-Acknowledgement/501/aug326.png,Label-Acknowledgement
/home/mchou001/Label-Acknowledgement/501/aug327.png,Label-Acknowledgement
/home/mchou001/Label-Acknowledgement/501/aug328.png,Label-Acknowledgement
/home/mchou001/Label-Acknowledgement/501/aug329.png,Label-Acknowledgement
/home/mchou001/Label-Acknowledgement/501/aug330.png,Label-Acknowledgement
/home/mchou001/Label-Acknowledgement/501/aug331.png,Label-Acknowledgement
/home/mchou001/Label-Acknowledgement/501/aug332.png,Label-Acknowledgement
/home/mchou001/Label-Acknowledgement/501/aug333.png,Label-Acknowledgement
/home/mchou001/Label-Acknowledgement/501/aug334.png,Label-Acknowledgement
/home/mchou001/Label-Acknowledgement/501/aug335.png,Label-Acknowledgement
/home/mchou001/Label-Acknowledgement/501/aug336.png,Label-Acknowledgement
/home/mchou001/Label-Acknowledgement/501/aug337.png,Label-Acknowledgement
/home/mchou001/Label-Acknowledgement/501/aug338.png,Label-Acknowledgement
/home/mchou001/Label-Acknowledgement/501/aug339.png,Label-Acknowledgement
/home/mchou001/Label-Acknowledgement/501/aug340.png,Label-Acknowledgement
/home/mchou001/Label-Acknowledgement/501/aug341.png,Label-Acknowledgement
/home/mchou001/Label-Acknowledgement/501/aug342.png,Label-Acknowledgement
/home/mchou001/Label-Acknowledgement/501/aug343.png,Label-Acknowledgement
/home/mchou001/Label-Acknowledgement/501/aug344.png,Label-Acknowledgement
/home/mchou001/Label-Acknowledgement/501/aug345.png,Label-Acknowledgement
/home/mchou001/Label-Acknowledgement/501/aug346.png,Label-Acknowledgement
/home/mchou001/Label-Acknowledgement/501/aug347.png,Label-Acknowledgement
/home/mchou001/Label-Acknowledgement/501/aug348.png,Label-Acknowledgement
/home/mchou001/Label-Acknowledgement/501/aug349.png,Label-Acknowledgement
/home/mchou001/Label-Acknowledgement/501/aug350.png,Label-Acknowledgement
/home/mchou001/Label-Acknowledgement/501/aug351.png,Label-Acknowledgement
/home/mchou001/Label-Acknowledgement/501/aug352.png,Label-Acknowledgement
/home/mchou001/Label-Acknowledgement/501/aug353.png,Label-Acknowledgement
/home/mchou001/Label-Acknowledgement/501/aug354.png,Label-Acknowledgement
/home/mchou001/Label-Acknowledgement/501/aug355.png,Label-Acknowledgement
/home/mchou001/Label-Acknowledgement/501/aug356.png,Label-Acknowledgement
/home/mchou001/Label-Acknowledgement/501/aug357.png,Label-Acknowledgement
/home/mchou001/Label-Acknowledgement/501/aug358.png,Label-Acknowledgement
/home/mchou001/Label-Acknowledgement/501/aug359.png,Label-Acknowledgement
/home/mchou001/Label-Acknowledgement/501/aug360.png,Label-Acknowledgement
/home/mchou001/Label-Acknowledgement/501/aug361.png,Label-Acknowledgement
/home/mchou001/Label-Acknowledgement/501/aug362.png,Label-Acknowledgement
/home/mchou001/Label-Acknowledgement/501/aug363.png,Label-Acknowledgement
/home/mchou001/Label-Acknowledgement/501/aug364.png,Label-Acknowledgement
/home/mchou001/Label-Acknowledgement/501/aug365.png,Label-Acknowledgement
/home/mchou001/Label-Acknowledgement/501/aug366.png,Label-Acknowledgement
/home/mchou001/Label-Acknowledgement/501/aug367.png,Label-Acknowledgement
/home/mchou001/Label-Acknowledgement/501/aug368.png,Label-Acknowledgement
/home/mchou001/Label-Acknowledgement/501/aug369.png,Label-Acknowledgement
/home/mchou001/Label-Acknowledgement/501/aug370.png,Label-Acknowledgement
/home/mchou001/Label-Acknowledgement/501/aug371.png,Label-Acknowledgement
/home/mchou001/Label-Acknowledgement/501/aug372.png,Label-Acknowledgement
/home/mchou001/Label-Acknowledgement/501/aug373.png,Label-Acknowledgement
/home/mchou001/Label-Acknowledgement/501/aug374.png,Label-Acknowledgement
/home/mchou001/Label-Acknowledgement/501/aug375.png,Label-Acknowledgement
/home/mchou001/Label-Acknowledgement/501/aug376.png,Label-Acknowledgement
/home/mchou001/Label-Acknowledgement/501/aug377.png,Label-Acknowledgement
/home/mchou001/Label-Acknowledgement/501/aug378.png,Label-Acknowledgement
/home/mchou001/Label-Acknowledgement/501/aug379.png,Label-Acknowledgement
/home/mchou001/Label-Acknowledgement/501/aug380.png,Label-Acknowledgement
/home/mchou001/Label-Acknowledgement/501/aug381.png,Label-Acknowledgement
/home/mchou001/Label-Acknowledgement/501/aug382.png,Label-Acknowledgement
/home/mchou001/Label-Acknowledgement/501/aug383.png,Label-Acknowledgement
/home/mchou001/Label-Acknowledgement/501/aug384.png,Label-Acknowledgement
/home/mchou001/Label-Acknowledgement/501/aug385.png,Label-Acknowledgement
/home/mchou001/Label-Acknowledgement/501/aug386.png,Label-Acknowledgement
/home/mchou001/Label-Acknowledgement/501/aug387.png,Label-Acknowledgement
/home/mchou001/Label-Acknowledgement/501/aug388.png,Label-Acknowledgement
/home/mchou001/Label-Acknowledgement/501/aug389.png,Label-Acknowledgement
/home/mchou001/Label-Acknowledgement/501/aug390.png,Label-Acknowledgement
/home/mchou001/Label-Acknowledgement/501/aug391.png,Label-Acknowledgement
/home/mchou001/Label-Acknowledgement/501/aug392.png,Label-Acknowledgement
/home/mchou001/Label-Acknowledgement/501/aug393.png,Label-Acknowledgement
/home/mchou001/Label-Acknowledgement/501/aug394.png,Label-Acknowledgement
/home/mchou001/Label-Acknowledgement/501/aug395.png,Label-Acknowledgement
/home/mchou001/Label-Acknowledgement/501/aug396.png,Label-Acknowledgement
/home/mchou001/Label-Acknowledgement/501/aug397.png,Label-Acknowledgement
/home/mchou001/Label-Acknowledgement/501/aug398.png,Label-Acknowledgement
/home/mchou001/Label-Acknowledgement/501/aug399.png,Label-Acknowledgement
/home/mchou001/Label-Acknowledgement/501/aug400.png,Label-Acknowledgement
/home/mchou001/Label-Acknowledgement/501/aug401.png,Label-Acknowledgement
/home/mchou001/Label-Acknowledgement/501/aug402.png,Label-Acknowledgement
/home/mchou001/Label-Acknowledgement/501/aug403.png,Label-Acknowledgement
/home/mchou001/Label-Acknowledgement/501/aug404.png,Label-Acknowledgement
/home/mchou001/Label-Acknowledgement/501/aug405.png,Label-Acknowledgement
/home/mchou001/Label-Acknowledgement/501/aug406.png,Label-Acknowledgement
/home/mchou001/Label-Acknowledgement/501/aug407.png,Label-Acknowledgement
/home/mchou001/Label-Acknowledgement/501/aug408.png,Label-Acknowledgement
/home/mchou001/Label-Acknowledgement/501/aug409.png,Label-Acknowledgement
/home/mchou001/Label-Acknowledgement/501/aug410.png,Label-Acknowledgement
/home/mchou001/Label-Acknowledgement/501/aug411.png,Label-Acknowledgement
/home/mchou001/Label-Acknowledgement/501/aug412.png,Label-Acknowledgement
/home/mchou001/Label-Acknowledgement/501/aug413.png,Label-Acknowledgement
/home/mchou001/Label-Acknowledgement/501/aug414.png,Label-Acknowledgement
/home/mchou001/Label-Acknowledgement/501/aug415.png,Label-Acknowledgement
/home/mchou001/Label-Acknowledgement/501/aug416.png,Label-Acknowledgement
/home/mchou001/Label-Acknowledgement/501/aug417.png,Label-Acknowledgement
/home/mchou001/Label-Acknowledgement/501/aug418.png,Label-Acknowledgement
/home/mchou001/Label-Acknowledgement/501/aug419.png,Label-Acknowledgement
/home/mchou001/Label-Acknowledgement/501/aug420.png,Label-Acknowledgement
/home/mchou001/Label-Acknowledgement/501/aug421.png,Label-Acknowledgement
/home/mchou001/Label-Acknowledgement/501/aug422.png,Label-Acknowledgement
/home/mchou001/Label-Acknowledgement/501/aug423.png,Label-Acknowledgement
/home/mchou001/Label-Acknowledgement/501/aug424.png,Label-Acknowledgement
/home/mchou001/Label-Acknowledgement/501/aug425.png,Label-Acknowledgement
/home/mchou001/Label-Acknowledgement/501/aug426.png,Label-Acknowledgement
/home/mchou001/Label-Acknowledgement/501/aug427.png,Label-Acknowledgement
/home/mchou001/Label-Acknowledgement/501/aug428.png,Label-Acknowledgement
/home/mchou001/Label-Acknowledgement/501/aug429.png,Label-Acknowledgement
/home/mchou001/Label-Acknowledgement/501/aug430.png,Label-Acknowledgement
/home/mchou001/Label-Acknowledgement/501/aug431.png,Label-Acknowledgement
/home/mchou001/Label-Acknowledgement/501/aug432.png,Label-Acknowledgement
/home/mchou001/Label-Acknowledgement/501/aug433.png,Label-Acknowledgement
/home/mchou001/Label-Acknowledgement/501/aug434.png,Label-Acknowledgement
/home/mchou001/Label-Acknowledgement/501/aug435.png,Label-Acknowledgement
/home/mchou001/Label-Acknowledgement/501/aug436.png,Label-Acknowledgement
/home/mchou001/Label-Acknowledgement/501/aug437.png,Label-Acknowledgement
/home/mchou001/Label-Acknowledgement/501/aug438.png,Label-Acknowledgement
/home/mchou001/Label-Acknowledgement/501/aug439.png,Label-Acknowledgement
/home/mchou001/Label-Acknowledgement/501/aug440.png,Label-Acknowledgement
/home/mchou001/Label-Acknowledgement/501/aug441.png,Label-Acknowledgement
/home/mchou001/Label-Acknowledgement/501/aug442.png,Label-Acknowledgement
/home/mchou001/Label-Acknowledgement/501/aug443.png,Label-Acknowledgement
/home/mchou001/Label-Acknowledgement/501/aug444.png,Label-Acknowledgement
/home/mchou001/Label-Acknowledgement/501/aug445.png,Label-Acknowledgement
/home/mchou001/Label-Acknowledgement/501/aug446.png,Label-Acknowledgement
/home/mchou001/Label-Acknowledgement/501/aug447.png,Label-Acknowledgement
/home/mchou001/Label-Acknowledgement/501/aug448.png,Label-Acknowledgement
/home/mchou001/Label-Acknowledgement/501/aug449.png,Label-Acknowledgement
/home/mchou001/Label-Acknowledgement/501/aug450.png,Label-Acknowledgement
/home/mchou001/Label-Acknowledgement/501/aug451.png,Label-Acknowledgement
/home/mchou001/Label-Acknowledgement/501/aug452.png,Label-Acknowledgement
/home/mchou001/Label-Acknowledgement/501/aug453.png,Label-Acknowledgement
/home/mchou001/Label-Acknowledgement/501/aug454.png,Label-Acknowledgement
/home/mchou001/Label-Acknowledgement/501/aug455.png,Label-Acknowledgement
/home/mchou001/Label-Acknowledgement/501/aug456.png,Label-Acknowledgement
/home/mchou001/Label-Acknowledgement/501/aug457.png,Label-Acknowledgement
/home/mchou001/Label-Acknowledgement/501/aug458.png,Label-Acknowledgement
/home/mchou001/Label-Acknowledgement/501/aug459.png,Label-Acknowledgement
/home/mchou001/Label-Acknowledgement/501/aug460.png,Label-Acknowledgement
/home/mchou001/Label-Acknowledgement/501/aug461.png,Label-Acknowledgement
/home/mchou001/Label-Acknowledgement/501/aug462.png,Label-Acknowledgement
/home/mchou001/Label-Acknowledgement/501/aug463.png,Label-Acknowledgement
/home/mchou001/Label-Acknowledgement/501/aug464.png,Label-Acknowledgement
/home/mchou001/Label-Acknowledgement/501/aug465.png,Label-Acknowledgement
/home/mchou001/Label-Acknowledgement/501/aug466.png,Label-Acknowledgement
/home/mchou001/Label-Acknowledgement/501/aug467.png,Label-Acknowledgement
/home/mchou001/Label-Acknowledgement/501/aug468.png,Label-Acknowledgement
/home/mchou001/Label-Acknowledgement/501/aug469.png,Label-Acknowledgement
/home/mchou001/Label-Acknowledgement/501/aug470.png,Label-Acknowledgement
/home/mchou001/Label-Acknowledgement/501/aug471.png,Label-Acknowledgement
/home/mchou001/Label-Acknowledgement/501/aug472.png,Label-Acknowledgement
/home/mchou001/Label-Acknowledgement/501/aug473.png,Label-Acknowledgement
/home/mchou001/Label-Acknowledgement/501/aug474.png,Label-Acknowledgement
/home/mchou001/Label-Acknowledgement/501/aug475.png,Label-Acknowledgement
/home/mchou001/Label-Acknowledgement/501/aug476.png,Label-Acknowledgement
/home/mchou001/Label-Acknowledgement/501/aug477.png,Label-Acknowledgement
/home/mchou001/Label-Acknowledgement/501/aug478.png,Label-Acknowledgement
/home/mchou001/Label-Acknowledgement/501/aug479.png,Label-Acknowledgement
/home/mchou001/Label-Acknowledgement/501/aug480.png,Label-Acknowledgement
/home/mchou001/Label-Acknowledgement/501/aug481.png,Label-Acknowledgement
/home/mchou001/Label-Acknowledgement/501/aug482.png,Label-Acknowledgement
/home/mchou001/Label-Acknowledgement/501/aug483.png,Label-Acknowledgement
/home/mchou001/Label-Acknowledgement/501/aug484.png,Label-Acknowledgement
/home/mchou001/Label-Acknowledgement/501/aug485.png,Label-Acknowledgement
/home/mchou001/Label-Acknowledgement/501/aug486.png,Label-Acknowledgement
/home/mchou001/Label-Acknowledgement/501/aug487.png,Label-Acknowledgement
/home/mchou001/Label-Acknowledgement/501/aug488.png,Label-Acknowledgement
/home/mchou001/Label-Acknowledgement/501/aug489.png,Label-Acknowledgement
/home/mchou001/Label-Acknowledgement/501/aug490.png,Label-Acknowledgement
/home/mchou001/Label-Acknowledgement/501/aug491.png,Label-Acknowledgement
/home/mchou001/Label-Acknowledgement/501/aug492.png,Label-Acknowledgement
/home/mchou001/Label-Acknowledgement/501/aug493.png,Label-Acknowledgement
/home/mchou001/Label-Acknowledgement/501/aug494.png,Label-Acknowledgement
/home/mchou001/Label-Acknowledgement/501/aug495.png,Label-Acknowledgement
/home/mchou001/Label-Acknowledgement/501/aug496.png,Label-Acknowledgement
/home/mchou001/Label-Acknowledgement/501/aug497.png,Label-Acknowledgement
/home/mchou001/Label-Acknowledgement/501/aug498.png,Label-Acknowledgement
/home/mchou001/Label-Acknowledgement/501/aug499.png,Label-Acknowledgement
/home/mchou001/Label-Acknowledgement/501/aug500.png,Label-Acknowledgement
/home/mchou001/Label-Acknowledgement/501/aug501.png,Label-Acknowledgement
/home/mchou001/Label-Acknowledgement/501/aug502.png,Label-Acknowledgement
/home/mchou001/Label-Acknowledgement/501/aug503.png,Label-Acknowledgement
/home/mchou001/Label-Acknowledgement/501/aug504.png,Label-Acknowledgement
/home/mchou001/Label-Acknowledgement/501/aug505.png,Label-Acknowledgement
/home/mchou001/Label-Acknowledgement/501/aug506.png,Label-Acknowledgement
/home/mchou001/Label-Acknowledgement/501/aug507.png,Label-Acknowledgement
/home/mchou001/Label-Acknowledgement/501/aug508.png,Label-Acknowledgement
/home/mchou001/Label-Acknowledgement/501/aug509.png,Label-Acknowledgement
/home/mchou001/Label-Acknowledgement/501/aug510.png,Label-Acknowledgement
/home/mchou001/Label-Acknowledgement/501/aug511.png,Label-Acknowledgement
/home/mchou001/Label-Acknowledgement/501/aug512.png,Label-Acknowledgement
/home/mchou001/Label-Acknowledgement/501/aug513.png,Label-Acknowledgement
/home/mchou001/Label-Acknowledgement/501/aug514.png,Label-Acknowledgement
/home/mchou001/Label-Acknowledgement/501/aug515.png,Label-Acknowledgement
/home/mchou001/Label-Acknowledgement/501/aug516.png,Label-Acknowledgement
/home/mchou001/Label-Acknowledgement/501/aug517.png,Label-Acknowledgement
/home/mchou001/Label-Acknowledgement/501/aug518.png,Label-Acknowledgement
/home/mchou001/Label-Acknowledgement/501/aug519.png,Label-Acknowledgement
/home/mchou001/Label-Acknowledgement/501/aug520.png,Label-Acknowledgement
/home/mchou001/Label-Acknowledgement/501/aug521.png,Label-Acknowledgement
/home/mchou001/Label-Acknowledgement/501/aug522.png,Label-Acknowledgement
/home/mchou001/Label-Acknowledgement/501/aug523.png,Label-Acknowledgement
/home/mchou001/Label-Acknowledgement/501/aug524.png,Label-Acknowledgement
/home/mchou001/Label-Acknowledgement/501/aug525.png,Label-Acknowledgement
/home/mchou001/Label-Acknowledgement/501/aug526.png,Label-Acknowledgement
/home/mchou001/Label-Acknowledgement/501/aug527.png,Label-Acknowledgement
/home/mchou001/Label-Acknowledgement/501/aug528.png,Label-Acknowledgement
/home/mchou001/Label-Acknowledgement/501/aug529.png,Label-Acknowledgement
/home/mchou001/Label-Acknowledgement/501/aug530.png,Label-Acknowledgement
/home/mchou001/Label-Acknowledgement/501/aug531.png,Label-Acknowledgement
/home/mchou001/Label-Acknowledgement/501/aug532.png,Label-Acknowledgement
/home/mchou001/Label-Acknowledgement/501/aug533.png,Label-Acknowledgement
/home/mchou001/Label-Acknowledgement/501/aug534.png,Label-Acknowledgement
/home/mchou001/Label-Acknowledgement/501/aug535.png,Label-Acknowledgement
/home/mchou001/Label-Acknowledgement/501/aug536.png,Label-Acknowledgement
/home/mchou001/Label-Acknowledgement/501/aug537.png,Label-Acknowledgement
/home/mchou001/Label-Acknowledgement/501/aug538.png,Label-Acknowledgement
/home/mchou001/Label-Acknowledgement/501/aug539.png,Label-Acknowledgement
/home/mchou001/Label-Acknowledgement/501/aug540.png,Label-Acknowledgement
/home/mchou001/Label-Acknowledgement/501/aug541.png,Label-Acknowledgement
/home/mchou001/Label-Acknowledgement/501/aug542.png,Label-Acknowledgement
/home/mchou001/Label-Acknowledgement/501/aug543.png,Label-Acknowledgement
/home/mchou001/Label-Acknowledgement/501/aug544.png,Label-Acknowledgement
/home/mchou001/Label-Acknowledgement/501/aug545.png,Label-Acknowledgement
/home/mchou001/Label-Acknowledgement/501/aug546.png,Label-Acknowledgement
/home/mchou001/Label-Acknowledgement/501/aug547.png,Label-Acknowledgement
/home/mchou001/Label-Acknowledgement/501/aug548.png,Label-Acknowledgement
/home/mchou001/Label-Acknowledgement/501/aug549.png,Label-Acknowledgement
/home/mchou001/Label-Acknowledgement/501/aug550.png,Label-Acknowledgement
/home/mchou001/Label-Acknowledgement/501/aug551.png,Label-Acknowledgement
/home/mchou001/Label-Acknowledgement/501/aug552.png,Label-Acknowledgement
/home/mchou001/Label-Acknowledgement/501/aug553.png,Label-Acknowledgement
/home/mchou001/Label-Acknowledgement/501/aug554.png,Label-Acknowledgement
/home/mchou001/Label-Acknowledgement/501/aug555.png,Label-Acknowledgement
/home/mchou001/Label-Acknowledgement/501/aug556.png,Label-Acknowledgement
/home/mchou001/Label-Acknowledgement/501/aug557.png,Label-Acknowledgement
/home/mchou001/Label-Acknowledgement/501/aug558.png,Label-Acknowledgement
/home/mchou001/Label-Acknowledgement/501/aug559.png,Label-Acknowledgement
/home/mchou001/Label-Acknowledgement/501/aug560.png,Label-Acknowledgement
/home/mchou001/Label-Acknowledgement/501/aug561.png,Label-Acknowledgement
/home/mchou001/Label-Acknowledgement/501/aug562.png,Label-Acknowledgement
/home/mchou001/Label-Acknowledgement/501/aug563.png,Label-Acknowledgement
/home/mchou001/Label-Acknowledgement/501/aug564.png,Label-Acknowledgement
/home/mchou001/Label-Acknowledgement/501/aug565.png,Label-Acknowledgement
/home/mchou001/Label-Acknowledgement/501/aug566.png,Label-Acknowledgement
/home/mchou001/Label-Acknowledgement/501/aug567.png,Label-Acknowledgement
/home/mchou001/Label-Acknowledgement/501/aug568.png,Label-Acknowledgement
/home/mchou001/Label-Acknowledgement/501/aug569.png,Label-Acknowledgement
/home/mchou001/Label-Acknowledgement/501/aug570.png,Label-Acknowledgement
/home/mchou001/Label-Acknowledgement/501/aug571.png,Label-Acknowledgement
/home/mchou001/Label-Acknowledgement/501/aug572.png,Label-Acknowledgement
/home/mchou001/Label-Acknowledgement/501/aug573.png,Label-Acknowledgement
/home/mchou001/Label-Acknowledgement/501/aug574.png,Label-Acknowledgement
/home/mchou001/Label-Acknowledgement/501/aug575.png,Label-Acknowledgement
/home/mchou001/Label-Acknowledgement/501/aug576.png,Label-Acknowledgement
/home/mchou001/Label-Acknowledgement/501/aug577.png,Label-Acknowledgement
/home/mchou001/Label-Acknowledgement/501/aug578.png,Label-Acknowledgement
/home/mchou001/Label-Acknowledgement/501/aug579.png,Label-Acknowledgement
/home/mchou001/Label-Acknowledgement/501/aug580.png,Label-Acknowledgement
/home/mchou001/Label-Acknowledgement/501/aug581.png,Label-Acknowledgement
/home/mchou001/Label-Acknowledgement/501/aug582.png,Label-Acknowledgement
/home/mchou001/Label-Acknowledgement/501/aug583.png,Label-Acknowledgement
/home/mchou001/Label-Acknowledgement/501/aug584.png,Label-Acknowledgement
/home/mchou001/Label-Acknowledgement/501/aug585.png,Label-Acknowledgement
/home/mchou001/Label-Acknowledgement/501/aug586.png,Label-Acknowledgement
/home/mchou001/Label-Acknowledgement/501/aug587.png,Label-Acknowledgement
/home/mchou001/Label-Acknowledgement/501/aug588.png,Label-Acknowledgement
/home/mchou001/Label-Acknowledgement/501/aug589.png,Label-Acknowledgement
/home/mchou001/Label-Acknowledgement/501/aug590.png,Label-Acknowledgement
/home/mchou001/Label-Acknowledgement/501/aug591.png,Label-Acknowledgement
/home/mchou001/Label-Acknowledgement/501/aug592.png,Label-Acknowledgement
/home/mchou001/Label-Acknowledgement/501/aug593.png,Label-Acknowledgement
/home/mchou001/Label-Acknowledgement/501/aug594.png,Label-Acknowledgement
/home/mchou001/Label-Acknowledgement/501/aug595.png,Label-Acknowledgement
/home/mchou001/Label-Acknowledgement/501/aug596.png,Label-Acknowledgement
/home/mchou001/Label-Acknowledgement/501/aug597.png,Label-Acknowledgement
/home/mchou001/Label-Acknowledgement/501/aug598.png,Label-Acknowledgement
/home/mchou001/Label-Acknowledgement/501/aug599.png,Label-Acknowledgement
/home/mchou001/Label-Acknowledgement/501/aug600.png,Label-Acknowledgement
/home/mchou001/Label-Acknowledgement/501/aug601.png,Label-Acknowledgement
/home/mchou001/Label-Acknowledgement/501/aug602.png,Label-Acknowledgement
/home/mchou001/Label-Acknowledgement/501/aug603.png,Label-Acknowledgement
/home/mchou001/Label-Acknowledgement/501/aug604.png,Label-Acknowledgement
/home/mchou001/Label-Acknowledgement/501/aug605.png,Label-Acknowledgement
/home/mchou001/Label-Acknowledgement/501/aug606.png,Label-Acknowledgement
/home/mchou001/Label-Acknowledgement/501/aug607.png,Label-Acknowledgement
/home/mchou001/Label-Acknowledgement/501/aug608.png,Label-Acknowledgement
/home/mchou001/Label-Acknowledgement/501/aug609.png,Label-Acknowledgement
/home/mchou001/Label-Acknowledgement/501/aug610.png,Label-Acknowledgement
/home/mchou001/Label-Acknowledgement/501/aug611.png,Label-Acknowledgement
/home/mchou001/Label-Acknowledgement/501/aug612.png,Label-Acknowledgement
/home/mchou001/Label-Acknowledgement/501/aug613.png,Label-Acknowledgement
/home/mchou001/Label-Acknowledgement/501/aug614.png,Label-Acknowledgement
/home/mchou001/Label-Acknowledgement/501/aug615.png,Label-Acknowledgement
/home/mchou001/Label-Acknowledgement/501/aug616.png,Label-Acknowledgement
/home/mchou001/Label-Acknowledgement/501/aug617.png,Label-Acknowledgement
/home/mchou001/Label-Acknowledgement/501/aug618.png,Label-Acknowledgement
/home/mchou001/Label-Acknowledgement/501/aug619.png,Label-Acknowledgement
/home/mchou001/Label-Acknowledgement/501/aug620.png,Label-Acknowledgement
/home/mchou001/Label-Acknowledgement/501/aug621.png,Label-Acknowledgement
/home/mchou001/Label-Acknowledgement/501/aug622.png,Label-Acknowledgement
/home/mchou001/Label-Acknowledgement/501/aug623.png,Label-Acknowledgement
/home/mchou001/Label-Acknowledgement/501/aug624.png,Label-Acknowledgement
/home/mchou001/Label-Acknowledgement/501/aug625.png,Label-Acknowledgement
/home/mchou001/Label-Acknowledgement/501/aug626.png,Label-Acknowledgement
/home/mchou001/Label-Acknowledgement/501/aug627.png,Label-Acknowledgement
/home/mchou001/Label-Acknowledgement/501/aug628.png,Label-Acknowledgement
/home/mchou001/Label-Acknowledgement/501/aug629.png,Label-Acknowledgement
/home/mchou001/Label-Acknowledgement/501/aug630.png,Label-Acknowledgement
/home/mchou001/Label-Acknowledgement/501/aug631.png,Label-Acknowledgement
/home/mchou001/Label-Acknowledgement/501/aug632.png,Label-Acknowledgement
/home/mchou001/Label-Acknowledgement/501/aug633.png,Label-Acknowledgement
/home/mchou001/Label-Acknowledgement/501/aug634.png,Label-Acknowledgement
/home/mchou001/Label-Acknowledgement/501/aug635.png,Label-Acknowledgement
/home/mchou001/Label-Acknowledgement/501/aug636.png,Label-Acknowledgement
/home/mchou001/Label-Acknowledgement/501/aug637.png,Label-Acknowledgement
/home/mchou001/Label-Acknowledgement/501/aug638.png,Label-Acknowledgement
/home/mchou001/Label-Acknowledgement/501/aug639.png,Label-Acknowledgement
/home/mchou001/Label-Acknowledgement/501/aug640.png,Label-Acknowledgement
/home/mchou001/Label-Acknowledgement/501/aug641.png,Label-Acknowledgement
/home/mchou001/Label-Acknowledgement/501/aug642.png,Label-Acknowledgement
/home/mchou001/Label-Acknowledgement/501/aug643.png,Label-Acknowledgement
/home/mchou001/Label-Acknowledgement/501/aug644.png,Label-Acknowledgement
/home/mchou001/Label-Acknowledgement/501/aug645.png,Label-Acknowledgement
/home/mchou001/Label-Acknowledgement/501/aug646.png,Label-Acknowledgement
/home/mchou001/Label-Acknowledgement/501/aug647.png,Label-Acknowledgement
/home/mchou001/Label-Acknowledgement/501/aug648.png,Label-Acknowledgement
/home/mchou001/Label-Acknowledgement/501/aug649.png,Label-Acknowledgement
/home/mchou001/Label-Acknowledgement/501/aug650.png,Label-Acknowledgement
/home/mchou001/Label-Acknowledgement/501/aug651.png,Label-Acknowledgement
/home/mchou001/Label-Acknowledgement/501/aug652.png,Label-Acknowledgement
/home/mchou001/Label-Acknowledgement/501/aug653.png,Label-Acknowledgement
/home/mchou001/Label-Acknowledgement/501/aug654.png,Label-Acknowledgement
/home/mchou001/Label-Acknowledgement/501/aug655.png,Label-Acknowledgement
/home/mchou001/Label-Acknowledgement/501/aug656.png,Label-Acknowledgement
/home/mchou001/Label-Acknowledgement/501/aug657.png,Label-Acknowledgement
/home/mchou001/Label-Acknowledgement/501/aug658.png,Label-Acknowledgement
/home/mchou001/Label-Acknowledgement/501/aug659.png,Label-Acknowledgement
/home/mchou001/Label-Acknowledgement/501/aug660.png,Label-Acknowledgement
/home/mchou001/Label-Acknowledgement/501/aug661.png,Label-Acknowledgement
/home/mchou001/Label-Acknowledgement/501/aug662.png,Label-Acknowledgement
/home/mchou001/Label-Acknowledgement/501/aug663.png,Label-Acknowledgement
/home/mchou001/Label-Acknowledgement/501/aug664.png,Label-Acknowledgement
/home/mchou001/Label-Acknowledgement/501/aug665.png,Label-Acknowledgement
/home/mchou001/Label-Acknowledgement/501/aug666.png,Label-Acknowledgement
/home/mchou001/Label-Acknowledgement/501/aug667.png,Label-Acknowledgement
/home/mchou001/Label-Acknowledgement/501/aug668.png,Label-Acknowledgement
/home/mchou001/Label-Acknowledgement/501/aug669.png,Label-Acknowledgement
/home/mchou001/Label-Acknowledgement/501/aug670.png,Label-Acknowledgement
/home/mchou001/Label-Acknowledgement/501/aug671.png,Label-Acknowledgement
/home/mchou001/Label-Acknowledgement/501/aug672.png,Label-Acknowledgement
/home/mchou001/Label-Acknowledgement/501/aug673.png,Label-Acknowledgement
/home/mchou001/Label-Acknowledgement/501/aug674.png,Label-Acknowledgement
/home/mchou001/Label-Acknowledgement/501/aug675.png,Label-Acknowledgement
/home/mchou001/Label-Acknowledgement/501/aug676.png,Label-Acknowledgement
/home/mchou001/Label-Acknowledgement/501/aug677.png,Label-Acknowledgement
/home/mchou001/Label-Acknowledgement/501/aug678.png,Label-Acknowledgement
/home/mchou001/Label-Acknowledgement/501/aug679.png,Label-Acknowledgement
/home/mchou001/Label-Acknowledgement/501/aug680.png,Label-Acknowledgement
/home/mchou001/Label-Acknowledgement/501/aug681.png,Label-Acknowledgement
/home/mchou001/Label-Acknowledgement/501/aug682.png,Label-Acknowledgement
/home/mchou001/Label-Acknowledgement/501/aug683.png,Label-Acknowledgement
/home/mchou001/Label-Acknowledgement/501/aug684.png,Label-Acknowledgement
/home/mchou001/Label-Acknowledgement/501/aug685.png,Label-Acknowledgement
/home/mchou001/Label-Acknowledgement/501/aug686.png,Label-Acknowledgement
/home/mchou001/Label-Acknowledgement/501/aug687.png,Label-Acknowledgement
/home/mchou001/Label-Acknowledgement/501/aug688.png,Label-Acknowledgement
/home/mchou001/Label-Acknowledgement/501/aug689.png,Label-Acknowledgement
/home/mchou001/Label-Acknowledgement/501/aug690.png,Label-Acknowledgement
/home/mchou001/Label-Acknowledgement/501/aug691.png,Label-Acknowledgement
/home/mchou001/Label-Acknowledgement/501/aug692.png,Label-Acknowledgement
/home/mchou001/Label-Acknowledgement/501/aug693.png,Label-Acknowledgement
/home/mchou001/Label-Acknowledgement/501/aug694.png,Label-Acknowledgement
/home/mchou001/Label-Acknowledgement/501/aug695.png,Label-Acknowledgement
/home/mchou001/Label-Acknowledgement/501/aug696.png,Label-Acknowledgement
/home/mchou001/Label-Acknowledgement/501/aug697.png,Label-Acknowledgement
/home/mchou001/Label-Acknowledgement/501/aug698.png,Label-Acknowledgement
/home/mchou001/Label-Acknowledgement/501/aug699.png,Label-Acknowledgement
/home/mchou001/Label-Acknowledgement/501/aug700.png,Label-Acknowledgement
/home/mchou001/Label-Acknowledgement/501/aug701.png,Label-Acknowledgement
/home/mchou001/Label-Acknowledgement/501/aug702.png,Label-Acknowledgement
/home/mchou001/Label-Acknowledgement/501/aug703.png,Label-Acknowledgement
/home/mchou001/Label-Acknowledgement/501/aug704.png,Label-Acknowledgement
/home/mchou001/Label-Acknowledgement/501/aug705.png,Label-Acknowledgement
/home/mchou001/Label-Acknowledgement/501/aug706.png,Label-Acknowledgement
/home/mchou001/Label-Acknowledgement/501/aug707.png,Label-Acknowledgement
/home/mchou001/Label-Acknowledgement/501/aug708.png,Label-Acknowledgement
/home/mchou001/Label-Acknowledgement/501/aug709.png,Label-Acknowledgement
/home/mchou001/Label-Acknowledgement/501/aug710.png,Label-Acknowledgement
/home/mchou001/Label-Acknowledgement/501/aug711.png,Label-Acknowledgement
/home/mchou001/Label-Acknowledgement/501/aug712.png,Label-Acknowledgement
/home/mchou001/Label-Acknowledgement/501/aug713.png,Label-Acknowledgement
/home/mchou001/Label-Acknowledgement/501/aug714.png,Label-Acknowledgement
/home/mchou001/Label-Acknowledgement/501/aug715.png,Label-Acknowledgement
/home/mchou001/Label-Acknowledgement/501/aug716.png,Label-Acknowledgement
/home/mchou001/Label-Acknowledgement/501/aug717.png,Label-Acknowledgement
/home/mchou001/Label-Acknowledgement/501/aug718.png,Label-Acknowledgement
/home/mchou001/Label-Acknowledgement/501/aug719.png,Label-Acknowledgement
/home/mchou001/Label-Acknowledgement/501/aug720.png,Label-Acknowledgement
/home/mchou001/Label-Acknowledgement/501/aug721.png,Label-Acknowledgement
/home/mchou001/Label-Acknowledgement/501/aug722.png,Label-Acknowledgement
/home/mchou001/Label-Acknowledgement/501/aug723.png,Label-Acknowledgement
/home/mchou001/Label-Acknowledgement/501/aug724.png,Label-Acknowledgement
/home/mchou001/Label-Acknowledgement/501/aug725.png,Label-Acknowledgement
/home/mchou001/Label-Acknowledgement/501/aug726.png,Label-Acknowledgement
/home/mchou001/Label-Acknowledgement/501/aug727.png,Label-Acknowledgement
/home/mchou001/Label-Acknowledgement/501/aug728.png,Label-Acknowledgement
/home/mchou001/Label-Acknowledgement/501/aug729.png,Label-Acknowledgement
/home/mchou001/Label-Acknowledgement/501/aug730.png,Label-Acknowledgement
/home/mchou001/Label-Acknowledgement/501/aug731.png,Label-Acknowledgement
/home/mchou001/Label-Acknowledgement/501/aug732.png,Label-Acknowledgement
/home/mchou001/Label-Acknowledgement/501/aug733.png,Label-Acknowledgement
/home/mchou001/Label-Acknowledgement/501/aug734.png,Label-Acknowledgement
/home/mchou001/Label-Acknowledgement/501/aug735.png,Label-Acknowledgement
/home/mchou001/Label-Acknowledgement/501/aug736.png,Label-Acknowledgement
/home/mchou001/Label-Acknowledgement/501/aug737.png,Label-Acknowledgement
/home/mchou001/Label-Acknowledgement/501/aug738.png,Label-Acknowledgement
/home/mchou001/Label-Acknowledgement/501/aug739.png,Label-Acknowledgement
/home/mchou001/Label-Acknowledgement/501/aug740.png,Label-Acknowledgement
/home/mchou001/Label-Acknowledgement/501/aug741.png,Label-Acknowledgement
/home/mchou001/Label-Acknowledgement/501/aug742.png,Label-Acknowledgement
/home/mchou001/Label-Acknowledgement/501/aug743.png,Label-Acknowledgement
/home/mchou001/Label-Acknowledgement/501/aug744.png,Label-Acknowledgement
/home/mchou001/Label-Acknowledgement/501/aug745.png,Label-Acknowledgement
/home/mchou001/Label-Acknowledgement/501/aug746.png,Label-Acknowledgement
/home/mchou001/Label-Acknowledgement/501/aug747.png,Label-Acknowledgement
/home/mchou001/Label-Acknowledgement/501/aug748.png,Label-Acknowledgement
/home/mchou001/Label-Acknowledgement/501/aug749.png,Label-Acknowledgement
/home/mchou001/Label-Acknowledgement/501/aug750.png,Label-Acknowledgement
/home/mchou001/Label-Acknowledgement/501/aug751.png,Label-Acknowledgement
/home/mchou001/Label-Acknowledgement/501/aug752.png,Label-Acknowledgement
/home/mchou001/Label-Acknowledgement/501/aug753.png,Label-Acknowledgement
/home/mchou001/Label-Acknowledgement/501/aug754.png,Label-Acknowledgement
/home/mchou001/Label-Acknowledgement/501/aug755.png,Label-Acknowledgement
/home/mchou001/Label-Acknowledgement/501/aug756.png,Label-Acknowledgement
/home/mchou001/Label-Acknowledgement/501/aug757.png,Label-Acknowledgement
/home/mchou001/Label-Acknowledgement/501/aug758.png,Label-Acknowledgement
/home/mchou001/Label-Acknowledgement/501/aug759.png,Label-Acknowledgement
/home/mchou001/Label-Acknowledgement/501/aug760.png,Label-Acknowledgement
/home/mchou001/Label-Acknowledgement/501/aug761.png,Label-Acknowledgement
/home/mchou001/Label-Acknowledgement/501/aug762.png,Label-Acknowledgement
/home/mchou001/Label-Acknowledgement/501/aug763.png,Label-Acknowledgement
/home/mchou001/Label-Acknowledgement/501/aug764.png,Label-Acknowledgement
/home/mchou001/Label-Acknowledgement/501/aug765.png,Label-Acknowledgement
/home/mchou001/Label-Acknowledgement/501/aug766.png,Label-Acknowledgement
/home/mchou001/Label-Acknowledgement/501/aug767.png,Label-Acknowledgement
/home/mchou001/Label-Acknowledgement/501/aug768.png,Label-Acknowledgement
/home/mchou001/Label-Acknowledgement/501/aug769.png,Label-Acknowledgement
/home/mchou001/Label-Acknowledgement/501/aug770.png,Label-Acknowledgement
/home/mchou001/Label-Acknowledgement/501/aug771.png,Label-Acknowledgement
/home/mchou001/Label-Acknowledgement/501/aug772.png,Label-Acknowledgement
/home/mchou001/Label-Acknowledgement/501/aug773.png,Label-Acknowledgement
/home/mchou001/Label-Acknowledgement/501/aug774.png,Label-Acknowledgement
/home/mchou001/Label-Acknowledgement/501/aug775.png,Label-Acknowledgement
/home/mchou001/Label-Acknowledgement/501/aug776.png,Label-Acknowledgement
/home/mchou001/Label-Acknowledgement/501/aug777.png,Label-Acknowledgement
/home/mchou001/Label-Acknowledgement/501/aug778.png,Label-Acknowledgement
/home/mchou001/Label-Acknowledgement/501/aug779.png,Label-Acknowledgement
/home/mchou001/Label-Acknowledgement/501/aug780.png,Label-Acknowledgement
/home/mchou001/Label-Acknowledgement/501/aug781.png,Label-Acknowledgement
/home/mchou001/Label-Acknowledgement/501/aug782.png,Label-Acknowledgement
/home/mchou001/Label-Acknowledgement/501/aug783.png,Label-Acknowledgement
/home/mchou001/Label-Acknowledgement/501/aug784.png,Label-Acknowledgement
/home/mchou001/Label-Acknowledgement/501/aug785.png,Label-Acknowledgement
/home/mchou001/Label-Acknowledgement/501/aug786.png,Label-Acknowledgement
/home/mchou001/Label-Acknowledgement/501/aug787.png,Label-Acknowledgement
/home/mchou001/Label-Acknowledgement/501/aug788.png,Label-Acknowledgement
/home/mchou001/Label-Acknowledgement/501/aug789.png,Label-Acknowledgement
/home/mchou001/Label-Acknowledgement/501/aug790.png,Label-Acknowledgement
/home/mchou001/Label-Acknowledgement/501/aug791.png,Label-Acknowledgement
/home/mchou001/Label-Acknowledgement/501/aug792.png,Label-Acknowledgement
/home/mchou001/Label-Acknowledgement/501/aug793.png,Label-Acknowledgement
/home/mchou001/Label-Acknowledgement/501/aug794.png,Label-Acknowledgement
/home/mchou001/Label-Acknowledgement/501/aug795.png,Label-Acknowledgement
/home/mchou001/Label-Acknowledgement/501/aug796.png,Label-Acknowledgement
/home/mchou001/Label-Acknowledgement/501/aug797.png,Label-Acknowledgement
/home/mchou001/Label-Acknowledgement/501/aug798.png,Label-Acknowledgement
/home/mchou001/Label-Acknowledgement/501/aug799.png,Label-Acknowledgement
/home/mchou001/Label-Acknowledgement/501/aug800.png,Label-Acknowledgement
/home/mchou001/Label-Acknowledgement/501/aug801.png,Label-Acknowledgement
/home/mchou001/Label-Acknowledgement/501/aug802.png,Label-Acknowledgement
/home/mchou001/Label-Acknowledgement/501/aug803.png,Label-Acknowledgement
/home/mchou001/Label-Acknowledgement/501/aug804.png,Label-Acknowledgement
/home/mchou001/Label-Acknowledgement/501/aug805.png,Label-Acknowledgement
/home/mchou001/Label-Acknowledgement/501/aug806.png,Label-Acknowledgement
/home/mchou001/Label-Acknowledgement/501/aug807.png,Label-Acknowledgement
/home/mchou001/Label-Acknowledgement/501/aug808.png,Label-Acknowledgement
/home/mchou001/Label-Acknowledgement/501/aug809.png,Label-Acknowledgement
/home/mchou001/Label-Acknowledgement/501/aug810.png,Label-Acknowledgement
/home/mchou001/Label-Acknowledgement/501/aug811.png,Label-Acknowledgement
/home/mchou001/Label-Acknowledgement/501/aug812.png,Label-Acknowledgement
/home/mchou001/Label-Acknowledgement/501/aug813.png,Label-Acknowledgement
/home/mchou001/Label-Acknowledgement/501/aug814.png,Label-Acknowledgement
/home/mchou001/Label-Acknowledgement/501/aug815.png,Label-Acknowledgement
/home/mchou001/Label-Acknowledgement/501/aug816.png,Label-Acknowledgement
/home/mchou001/Label-Acknowledgement/501/aug817.png,Label-Acknowledgement
/home/mchou001/Label-Acknowledgement/501/aug818.png,Label-Acknowledgement
/home/mchou001/Label-Acknowledgement/501/aug819.png,Label-Acknowledgement
/home/mchou001/Label-Acknowledgement/501/aug820.png,Label-Acknowledgement
/home/mchou001/Label-Acknowledgement/501/aug821.png,Label-Acknowledgement
/home/mchou001/Label-Acknowledgement/501/aug822.png,Label-Acknowledgement
/home/mchou001/Label-Acknowledgement/501/aug823.png,Label-Acknowledgement
/home/mchou001/Label-Acknowledgement/501/aug824.png,Label-Acknowledgement
/home/mchou001/Label-Acknowledgement/501/aug825.png,Label-Acknowledgement
/home/mchou001/Label-Acknowledgement/501/aug826.png,Label-Acknowledgement
/home/mchou001/Label-Acknowledgement/501/aug827.png,Label-Acknowledgement
/home/mchou001/Label-Acknowledgement/501/aug828.png,Label-Acknowledgement
/home/mchou001/Label-Acknowledgement/501/aug829.png,Label-Acknowledgement
/home/mchou001/Label-Acknowledgement/501/aug830.png,Label-Acknowledgement
/home/mchou001/Label-Acknowledgement/501/aug831.png,Label-Acknowledgement
/home/mchou001/Label-Acknowledgement/501/aug832.png,Label-Acknowledgement
/home/mchou001/Label-Acknowledgement/501/aug833.png,Label-Acknowledgement
/home/mchou001/Label-Acknowledgement/501/aug834.png,Label-Acknowledgement
/home/mchou001/Label-Acknowledgement/501/aug835.png,Label-Acknowledgement
/home/mchou001/Label-Acknowledgement/501/aug836.png,Label-Acknowledgement
/home/mchou001/Label-Acknowledgement/501/aug837.png,Label-Acknowledgement
/home/mchou001/Label-Acknowledgement/501/aug838.png,Label-Acknowledgement
/home/mchou001/Label-Acknowledgement/501/aug839.png,Label-Acknowledgement
/home/mchou001/Label-Acknowledgement/501/aug840.png,Label-Acknowledgement
/home/mchou001/Label-Acknowledgement/501/aug841.png,Label-Acknowledgement
/home/mchou001/Label-Acknowledgement/501/aug842.png,Label-Acknowledgement
/home/mchou001/Label-Acknowledgement/501/aug843.png,Label-Acknowledgement
/home/mchou001/Label-Acknowledgement/501/aug844.png,Label-Acknowledgement
/home/mchou001/Label-Acknowledgement/501/aug845.png,Label-Acknowledgement
/home/mchou001/Label-Acknowledgement/501/aug846.png,Label-Acknowledgement
/home/mchou001/Label-Acknowledgement/501/aug847.png,Label-Acknowledgement
/home/mchou001/Label-Acknowledgement/501/aug848.png,Label-Acknowledgement
/home/mchou001/Label-Acknowledgement/501/aug849.png,Label-Acknowledgement
/home/mchou001/Label-Acknowledgement/501/aug850.png,Label-Acknowledgement
/home/mchou001/Label-Acknowledgement/501/aug851.png,Label-Acknowledgement
/home/mchou001/Label-Acknowledgement/501/aug852.png,Label-Acknowledgement
/home/mchou001/Label-Acknowledgement/501/aug853.png,Label-Acknowledgement
/home/mchou001/Label-Acknowledgement/501/aug854.png,Label-Acknowledgement
/home/mchou001/Label-Acknowledgement/501/aug855.png,Label-Acknowledgement
/home/mchou001/Label-Acknowledgement/501/aug856.png,Label-Acknowledgement
/home/mchou001/Label-Acknowledgement/501/aug857.png,Label-Acknowledgement
/home/mchou001/Label-Acknowledgement/501/aug858.png,Label-Acknowledgement
/home/mchou001/Label-Acknowledgement/501/aug859.png,Label-Acknowledgement
/home/mchou001/Label-Acknowledgement/501/aug860.png,Label-Acknowledgement
/home/mchou001/Label-Acknowledgement/501/aug861.png,Label-Acknowledgement
/home/mchou001/Label-Acknowledgement/501/aug862.png,Label-Acknowledgement
/home/mchou001/Label-Acknowledgement/501/aug863.png,Label-Acknowledgement
/home/mchou001/Label-Acknowledgement/501/aug864.png,Label-Acknowledgement
/home/mchou001/Label-Acknowledgement/501/aug865.png,Label-Acknowledgement
/home/mchou001/Label-Acknowledgement/501/aug866.png,Label-Acknowledgement
/home/mchou001/Label-Acknowledgement/501/aug867.png,Label-Acknowledgement
/home/mchou001/Label-Acknowledgement/501/aug868.png,Label-Acknowledgement
/home/mchou001/Label-Acknowledgement/501/aug869.png,Label-Acknowledgement
/home/mchou001/Label-Acknowledgement/501/aug870.png,Label-Acknowledgement
/home/mchou001/Label-Acknowledgement/501/aug871.png,Label-Acknowledgement
/home/mchou001/Label-Acknowledgement/501/aug872.png,Label-Acknowledgement
/home/mchou001/Label-Acknowledgement/501/aug873.png,Label-Acknowledgement
/home/mchou001/Label-Acknowledgement/501/aug874.png,Label-Acknowledgement
/home/mchou001/Label-Acknowledgement/501/aug875.png,Label-Acknowledgement
/home/mchou001/Label-Acknowledgement/501/aug876.png,Label-Acknowledgement
/home/mchou001/Label-Acknowledgement/501/aug877.png,Label-Acknowledgement
/home/mchou001/Label-Acknowledgement/501/aug878.png,Label-Acknowledgement
/home/mchou001/Label-Acknowledgement/501/aug879.png,Label-Acknowledgement
/home/mchou001/Label-Acknowledgement/501/aug880.png,Label-Acknowledgement
/home/mchou001/Label-Acknowledgement/501/aug881.png,Label-Acknowledgement
/home/mchou001/Label-Acknowledgement/501/aug882.png,Label-Acknowledgement
/home/mchou001/Label-Acknowledgement/501/aug883.png,Label-Acknowledgement
/home/mchou001/Label-Acknowledgement/501/aug884.png,Label-Acknowledgement
/home/mchou001/Label-Acknowledgement/501/aug885.png,Label-Acknowledgement
/home/mchou001/Label-Acknowledgement/501/aug886.png,Label-Acknowledgement
/home/mchou001/Label-Acknowledgement/501/aug887.png,Label-Acknowledgement
/home/mchou001/Label-Acknowledgement/501/aug888.png,Label-Acknowledgement
/home/mchou001/Label-Acknowledgement/501/aug889.png,Label-Acknowledgement
/home/mchou001/Label-Acknowledgement/501/aug890.png,Label-Acknowledgement
/home/mchou001/Label-Acknowledgement/501/aug891.png,Label-Acknowledgement
/home/mchou001/Label-Acknowledgement/501/aug892.png,Label-Acknowledgement
/home/mchou001/Label-Acknowledgement/501/aug893.png,Label-Acknowledgement
/home/mchou001/Label-Acknowledgement/501/aug894.png,Label-Acknowledgement
/home/mchou001/Label-Acknowledgement/501/aug895.png,Label-Acknowledgement
/home/mchou001/Label-Acknowledgement/501/aug896.png,Label-Acknowledgement
/home/mchou001/Label-Acknowledgement/501/aug897.png,Label-Acknowledgement
/home/mchou001/Label-Acknowledgement/501/aug898.png,Label-Acknowledgement
/home/mchou001/Label-Acknowledgement/501/aug899.png,Label-Acknowledgement
/home/mchou001/Label-Acknowledgement/501/aug900.png,Label-Acknowledgement
/home/mchou001/Label-Acknowledgement/501/aug901.png,Label-Acknowledgement
/home/mchou001/Label-Acknowledgement/501/aug902.png,Label-Acknowledgement
/home/mchou001/Label-Acknowledgement/501/aug903.png,Label-Acknowledgement
/home/mchou001/Label-Acknowledgement/501/aug904.png,Label-Acknowledgement
/home/mchou001/Label-Acknowledgement/501/aug905.png,Label-Acknowledgement
/home/mchou001/Label-Acknowledgement/501/aug906.png,Label-Acknowledgement
/home/mchou001/Label-Acknowledgement/501/aug907.png,Label-Acknowledgement
/home/mchou001/Label-Acknowledgement/501/aug908.png,Label-Acknowledgement
/home/mchou001/Label-Acknowledgement/501/aug909.png,Label-Acknowledgement
/home/mchou001/Label-Acknowledgement/501/aug910.png,Label-Acknowledgement
/home/mchou001/Label-Acknowledgement/501/aug911.png,Label-Acknowledgement
/home/mchou001/Label-Acknowledgement/501/aug912.png,Label-Acknowledgement
/home/mchou001/Label-Acknowledgement/501/aug913.png,Label-Acknowledgement
/home/mchou001/Label-Acknowledgement/501/aug914.png,Label-Acknowledgement
/home/mchou001/Label-Acknowledgement/501/aug915.png,Label-Acknowledgement
/home/mchou001/Label-Acknowledgement/501/aug916.png,Label-Acknowledgement
/home/mchou001/Label-Acknowledgement/501/aug917.png,Label-Acknowledgement
/home/mchou001/Label-Acknowledgement/501/aug918.png,Label-Acknowledgement
/home/mchou001/Label-Acknowledgement/501/aug919.png,Label-Acknowledgement
/home/mchou001/Label-Acknowledgement/501/aug920.png,Label-Acknowledgement
/home/mchou001/Label-Acknowledgement/501/aug921.png,Label-Acknowledgement
/home/mchou001/Label-Acknowledgement/501/aug922.png,Label-Acknowledgement
/home/mchou001/Label-Acknowledgement/501/aug923.png,Label-Acknowledgement
/home/mchou001/Label-Acknowledgement/501/aug924.png,Label-Acknowledgement
/home/mchou001/Label-Acknowledgement/501/aug925.png,Label-Acknowledgement
/home/mchou001/Label-Acknowledgement/501/aug926.png,Label-Acknowledgement
/home/mchou001/Label-Acknowledgement/501/aug927.png,Label-Acknowledgement
/home/mchou001/Label-Acknowledgement/501/aug928.png,Label-Acknowledgement
/home/mchou001/Label-Acknowledgement/501/aug929.png,Label-Acknowledgement
/home/mchou001/Label-Acknowledgement/501/aug930.png,Label-Acknowledgement
/home/mchou001/Label-Acknowledgement/501/aug931.png,Label-Acknowledgement
/home/mchou001/Label-Acknowledgement/501/aug932.png,Label-Acknowledgement
/home/mchou001/Label-Acknowledgement/501/aug933.png,Label-Acknowledgement
/home/mchou001/Label-Acknowledgement/501/aug934.png,Label-Acknowledgement
/home/mchou001/Label-Acknowledgement/501/aug935.png,Label-Acknowledgement
/home/mchou001/Label-Acknowledgement/501/aug936.png,Label-Acknowledgement
/home/mchou001/Label-Acknowledgement/501/aug937.png,Label-Acknowledgement
/home/mchou001/Label-Acknowledgement/501/aug938.png,Label-Acknowledgement
/home/mchou001/Label-Acknowledgement/501/aug939.png,Label-Acknowledgement
/home/mchou001/Label-Acknowledgement/501/aug940.png,Label-Acknowledgement
/home/mchou001/Label-Acknowledgement/501/aug941.png,Label-Acknowledgement
/home/mchou001/Label-Acknowledgement/501/aug942.png,Label-Acknowledgement
/home/mchou001/Label-Acknowledgement/501/aug943.png,Label-Acknowledgement
/home/mchou001/Label-Acknowledgement/501/aug944.png,Label-Acknowledgement
/home/mchou001/Label-Acknowledgement/501/aug945.png,Label-Acknowledgement
/home/mchou001/Label-Acknowledgement/501/aug946.png,Label-Acknowledgement
/home/mchou001/Label-Acknowledgement/501/aug947.png,Label-Acknowledgement
/home/mchou001/Label-Acknowledgement/501/aug948.png,Label-Acknowledgement
/home/mchou001/Label-Acknowledgement/501/aug949.png,Label-Acknowledgement
/home/mchou001/Label-Acknowledgement/501/aug950.png,Label-Acknowledgement
/home/mchou001/Label-Acknowledgement/501/aug951.png,Label-Acknowledgement
/home/mchou001/Label-Acknowledgement/501/aug952.png,Label-Acknowledgement
/home/mchou001/Label-Acknowledgement/501/aug953.png,Label-Acknowledgement
/home/mchou001/Label-Acknowledgement/501/aug954.png,Label-Acknowledgement
/home/mchou001/Label-Acknowledgement/501/aug955.png,Label-Acknowledgement
/home/mchou001/Label-Acknowledgement/501/aug956.png,Label-Acknowledgement
/home/mchou001/Label-Acknowledgement/501/aug957.png,Label-Acknowledgement
/home/mchou001/Label-Acknowledgement/501/aug958.png,Label-Acknowledgement
/home/mchou001/Label-Acknowledgement/501/aug959.png,Label-Acknowledgement
/home/mchou001/Label-Acknowledgement/501/aug960.png,Label-Acknowledgement
/home/mchou001/Label-Acknowledgement/501/aug961.png,Label-Acknowledgement
/home/mchou001/Label-Acknowledgement/501/aug962.png,Label-Acknowledgement
/home/mchou001/Label-Acknowledgement/501/aug963.png,Label-Acknowledgement
/home/mchou001/Label-Acknowledgement/501/aug964.png,Label-Acknowledgement
/home/mchou001/Label-Acknowledgement/501/aug965.png,Label-Acknowledgement
/home/mchou001/Label-Acknowledgement/501/aug966.png,Label-Acknowledgement
/home/mchou001/Label-Acknowledgement/501/aug967.png,Label-Acknowledgement
/home/mchou001/Label-Acknowledgement/501/aug968.png,Label-Acknowledgement
/home/mchou001/Label-Acknowledgement/501/aug969.png,Label-Acknowledgement
/home/mchou001/Label-Acknowledgement/501/aug970.png,Label-Acknowledgement
/home/mchou001/Label-Acknowledgement/501/aug971.png,Label-Acknowledgement
/home/mchou001/Label-Acknowledgement/501/aug972.png,Label-Acknowledgement
/home/mchou001/Label-Acknowledgement/501/aug973.png,Label-Acknowledgement
/home/mchou001/Label-Acknowledgement/501/aug974.png,Label-Acknowledgement
/home/mchou001/Label-Acknowledgement/501/aug975.png,Label-Acknowledgement
/home/mchou001/Label-Acknowledgement/501/aug976.png,Label-Acknowledgement
/home/mchou001/Label-Acknowledgement/501/aug977.png,Label-Acknowledgement
/home/mchou001/Label-Acknowledgement/501/aug978.png,Label-Acknowledgement
/home/mchou001/Label-Acknowledgement/501/aug979.png,Label-Acknowledgement
/home/mchou001/Label-Acknowledgement/501/aug980.png,Label-Acknowledgement
/home/mchou001/Label-Acknowledgement/501/aug981.png,Label-Acknowledgement
/home/mchou001/Label-Acknowledgement/501/aug982.png,Label-Acknowledgement
/home/mchou001/Label-Acknowledgement/501/aug983.png,Label-Acknowledgement
/home/mchou001/Label-Acknowledgement/501/aug984.png,Label-Acknowledgement
/home/mchou001/Label-Acknowledgement/501/aug985.png,Label-Acknowledgement
/home/mchou001/Label-Acknowledgement/501/aug986.png,Label-Acknowledgement
/home/mchou001/Label-Acknowledgement/501/aug987.png,Label-Acknowledgement
/home/mchou001/Label-Acknowledgement/501/aug988.png,Label-Acknowledgement
/home/mchou001/Label-Acknowledgement/501/aug989.png,Label-Acknowledgement
/home/mchou001/Label-Acknowledgement/501/aug990.png,Label-Acknowledgement
/home/mchou001/Label-Acknowledgement/501/aug991.png,Label-Acknowledgement
/home/mchou001/Label-Acknowledgement/501/aug992.png,Label-Acknowledgement
/home/mchou001/Label-Acknowledgement/501/aug993.png,Label-Acknowledgement
/home/mchou001/Label-Acknowledgement/501/aug994.png,Label-Acknowledgement
/home/mchou001/Label-Acknowledgement/501/aug995.png,Label-Acknowledgement
/home/mchou001/Label-Acknowledgement/501/aug996.png,Label-Acknowledgement
/home/mchou001/Label-Acknowledgement/501/aug997.png,Label-Acknowledgement
/home/mchou001/Label-Acknowledgement/501/aug998.png,Label-Acknowledgement
/home/mchou001/Label-Acknowledgement/501/aug999.png,Label-Acknowledgement
/home/mchou001/Label-Acknowledgement/501/aug1000.png,Label-Acknowledgement
/home/mchou001/Label-Acknowledgement/501/aug1001.png,Label-Acknowledgement
/home/mchou001/Label-Acknowledgement/501/aug1002.png,Label-Acknowledgement
/home/mchou001/Label-Acknowledgement/501/aug1003.png,Label-Acknowledgement
/home/mchou001/Label-Acknowledgement/501/aug1004.png,Label-Acknowledgement
/home/mchou001/Label-Acknowledgement/501/aug1005.png,Label-Acknowledgement
/home/mchou001/Label-Acknowledgement/501/aug1006.png,Label-Acknowledgement
/home/mchou001/Label-Acknowledgement/501/aug1007.png,Label-Acknowledgement
/home/mchou001/Label-Acknowledgement/501/aug1008.png,Label-Acknowledgement
/home/mchou001/Label-Acknowledgement/501/aug1009.png,Label-Acknowledgement
/home/mchou001/Label-Acknowledgement/501/aug1010.png,Label-Acknowledgement
/home/mchou001/Label-Acknowledgement/501/aug1011.png,Label-Acknowledgement
/home/mchou001/Label-Acknowledgement/501/aug1012.png,Label-Acknowledgement
/home/mchou001/Label-Acknowledgement/501/aug1013.png,Label-Acknowledgement
/home/mchou001/Label-Acknowledgement/501/aug1014.png,Label-Acknowledgement
/home/mchou001/Label-Acknowledgement/501/aug1015.png,Label-Acknowledgement
/home/mchou001/Label-Acknowledgement/501/aug1016.png,Label-Acknowledgement
/home/mchou001/Label-Acknowledgement/501/aug1017.png,Label-Acknowledgement
/home/mchou001/Label-Acknowledgement/501/aug1018.png,Label-Acknowledgement
/home/mchou001/Label-Acknowledgement/501/aug1019.png,Label-Acknowledgement
/home/mchou001/Label-Acknowledgement/501/aug1020.png,Label-Acknowledgement
/home/mchou001/Label-Acknowledgement/501/aug1021.png,Label-Acknowledgement
/home/mchou001/Label-Acknowledgement/501/aug1022.png,Label-Acknowledgement
/home/mchou001/Label-Acknowledgement/501/aug1023.png,Label-Acknowledgement
/home/mchou001/Label-Acknowledgement/501/aug1024.png,Label-Acknowledgement
/home/mchou001/Label-Acknowledgement/501/aug1025.png,Label-Acknowledgement
/home/mchou001/Label-Acknowledgement/501/aug1026.png,Label-Acknowledgement
/home/mchou001/Label-Acknowledgement/501/aug1027.png,Label-Acknowledgement
/home/mchou001/Label-Acknowledgement/501/aug1028.png,Label-Acknowledgement
/home/mchou001/Label-Acknowledgement/501/aug1029.png,Label-Acknowledgement
/home/mchou001/Label-Acknowledgement/501/aug1030.png,Label-Acknowledgement
/home/mchou001/Label-Acknowledgement/501/aug1031.png,Label-Acknowledgement
/home/mchou001/Label-Acknowledgement/501/aug1032.png,Label-Acknowledgement
/home/mchou001/Label-Acknowledgement/501/aug1033.png,Label-Acknowledgement
/home/mchou001/Label-Acknowledgement/501/aug1034.png,Label-Acknowledgement
/home/mchou001/Label-Acknowledgement/501/aug1035.png,Label-Acknowledgement
/home/mchou001/Label-Acknowledgement/501/aug1036.png,Label-Acknowledgement
/home/mchou001/Label-Acknowledgement/501/aug1037.png,Label-Acknowledgement
/home/mchou001/Label-Acknowledgement/501/aug1038.png,Label-Acknowledgement
/home/mchou001/Label-Acknowledgement/501/aug1039.png,Label-Acknowledgement
/home/mchou001/Label-Acknowledgement/501/aug1040.png,Label-Acknowledgement
/home/mchou001/Label-Acknowledgement/501/aug1041.png,Label-Acknowledgement
/home/mchou001/Label-Acknowledgement/501/aug1042.png,Label-Acknowledgement
/home/mchou001/Label-Acknowledgement/501/aug1043.png,Label-Acknowledgement
/home/mchou001/Label-Acknowledgement/501/aug1044.png,Label-Acknowledgement
/home/mchou001/Label-Acknowledgement/501/aug1045.png,Label-Acknowledgement
/home/mchou001/Label-Acknowledgement/501/aug1046.png,Label-Acknowledgement
/home/mchou001/Label-Acknowledgement/501/aug1047.png,Label-Acknowledgement
/home/mchou001/Label-Acknowledgement/501/aug1048.png,Label-Acknowledgement
/home/mchou001/Label-Acknowledgement/501/aug1049.png,Label-Acknowledgement
/home/mchou001/Label-Acknowledgement/501/aug1050.png,Label-Acknowledgement
/home/mchou001/Label-Acknowledgement/501/aug1051.png,Label-Acknowledgement
/home/mchou001/Label-Acknowledgement/501/aug1052.png,Label-Acknowledgement
/home/mchou001/Label-Acknowledgement/501/aug1053.png,Label-Acknowledgement
/home/mchou001/Label-Acknowledgement/501/aug1054.png,Label-Acknowledgement
/home/mchou001/Label-Acknowledgement/501/aug1055.png,Label-Acknowledgement
/home/mchou001/Label-Acknowledgement/501/aug1056.png,Label-Acknowledgement
/home/mchou001/Label-Acknowledgement/501/aug1057.png,Label-Acknowledgement
/home/mchou001/Label-Acknowledgement/501/aug1058.png,Label-Acknowledgement
/home/mchou001/Label-Acknowledgement/501/aug1059.png,Label-Acknowledgement
/home/mchou001/Label-Acknowledgement/501/aug1060.png,Label-Acknowledgement
/home/mchou001/Label-Acknowledgement/501/aug1061.png,Label-Acknowledgement
/home/mchou001/Label-Acknowledgement/501/aug1062.png,Label-Acknowledgement
/home/mchou001/Label-Acknowledgement/501/aug1063.png,Label-Acknowledgement
/home/mchou001/Label-Acknowledgement/501/aug1064.png,Label-Acknowledgement
/home/mchou001/Label-Acknowledgement/501/aug1065.png,Label-Acknowledgement
/home/mchou001/Label-Acknowledgement/501/aug1066.png,Label-Acknowledgement
/home/mchou001/Label-Acknowledgement/501/aug1067.png,Label-Acknowledgement
/home/mchou001/Label-Acknowledgement/501/aug1068.png,Label-Acknowledgement
/home/mchou001/Label-Acknowledgement/501/aug1069.png,Label-Acknowledgement
/home/mchou001/Label-Acknowledgement/501/aug1070.png,Label-Acknowledgement
/home/mchou001/Label-Acknowledgement/501/aug1071.png,Label-Acknowledgement
/home/mchou001/Label-Acknowledgement/501/aug1072.png,Label-Acknowledgement
/home/mchou001/Label-Acknowledgement/501/aug1073.png,Label-Acknowledgement
/home/mchou001/Label-Acknowledgement/501/aug1074.png,Label-Acknowledgement
/home/mchou001/Label-Acknowledgement/501/aug1075.png,Label-Acknowledgement
/home/mchou001/Label-Acknowledgement/501/aug1076.png,Label-Acknowledgement
/home/mchou001/Label-Acknowledgement/501/aug1077.png,Label-Acknowledgement
/home/mchou001/Label-Acknowledgement/501/aug1078.png,Label-Acknowledgement
/home/mchou001/Label-Acknowledgement/501/aug1079.png,Label-Acknowledgement
/home/mchou001/Label-Acknowledgement/501/aug1080.png,Label-Acknowledgement
/home/mchou001/Label-Acknowledgement/501/aug1081.png,Label-Acknowledgement
/home/mchou001/Label-Acknowledgement/501/aug1082.png,Label-Acknowledgement
/home/mchou001/Label-Acknowledgement/501/aug1083.png,Label-Acknowledgement
/home/mchou001/Label-Acknowledgement/501/aug1084.png,Label-Acknowledgement
/home/mchou001/Label-Acknowledgement/501/aug1085.png,Label-Acknowledgement
