"['holmes , james a .']"
"['cotter , henry van tuyl']"
"['connaway , melissa clare']"
"['crutchley , claire elaine']"
"['marshall , sterling i .']"
"['saed , mohammad ali']"
"['tang , bruce shiu-leung']"
"['mckenna , james richard']"
"['grymes , joanna m .']"
"['randall , john lewis , jr .']"
"['shalev , doron']"
"['kienas , kenneth lee']"
"['antenucci , robert nicholas']"
"['hall , lena']"
"['bredenkamp , brian victor']"
"['hawkins , ronald eugene']"
"['lai , lin-ying']"
"['yurochko , william p .']"
"['aiello , helene sarah']"
"['santon , beryle crockett']"
"['clemons , clell richardson , jr .']"
"['hellstern , ann marie']"
"['sheridan , margaret mary']"
"['arnold , cynthia ann']"
"['gysel , libra jan cleveland']"
"['arhancet , juan pedro']"
"['kim , ha chul']"
"['yordan hernandez , jorge luis']"
"['chermak , john alan']"
"['arenburg , robert thomas']"
"['gruhn , christine mae']"
"['ayangbile , gbemiga adekunmi']"
"['cohen , david henry']"
"['fenchak , richard john']"
"['morris , linda ellen']"
"['oliveira , anthony joseph']"
"['anderton , lillie mae']"
"['bennett , kimberly dean']"
"['semanic-lauth , susan ann']"
"['chang , chian-yeun']"
"['sehn , allen lee']"
"['wang , zhiqiang']"
"['chism , william john']"
"['barton , thomas f .']"
"['hellgeth , john william']"
"['desimone , joseph mark']"
"['eid , walid khaled']"
"['baba , mutasim fuad']"
"['dingus , thomas a .']"
"['gunter , mickey e .']"
