,first_name1,middle_name1,last_name1
0,chih-ping,,tso
1,,,
2,joseph,m.,desimone
3,johannes,philipp,holschneider
4,moss,eisenberg,sweedler
5,,,
6,,,
7,ary,m.,pedju
8,james,robert,bonar
9,gerald,,gruber
10,,,
11,gerhardt,c.,clementson
12,terry,,winograd
13,george,,nez
14,charles,winfred,washburn
15,,,
16,frederick,h.,reuter
17,,,
18,paul,r.,paslay
19,watt,wetmore,webb
20,thomas,a.,reiner
21,,,
22,richard,m.,horowitz
23,walter,,suchon
24,harold,winfield,wyckoff
25,,,
26,george,barwick,wilmot
27,,,
28,,,
29,robert,lee,jeffcoat
30,eric,hershler,bott
31,alberto,,azuma
32,octavio,maizza,neto
33,leon,gardner,shiman
34,chryssostomos,,chryssostomidis
35,steven,c.,hayes
36,william,harold,soupcoff
37,david,,cylkowskt
38,vivian,ellen,loftness
39,sanford,j.,neuhaus
40,hsin-min,,chen
41,,,
42,archie,allan,stone
43,richard,y.,newton
44,stephen,harry,crandall
45,edmund,francis,kelly
46,viggo,e.,maack
47,james,a.,holmes
48,kenneth,l.,kienas
49,margaret,mary,sheridan
50,richard,j.fenchak,
51,john,william,hellgeth
52,walid,khaled,eid
53,mutasim,fuad,baba
54,thomas,a.,dingus
55,mickey,e.,gunter
56,peter,joseph,palmer
57,henry,,van tuyl cotter
58,melissa,clare,connaway
59,claire,elaine,crutchley
60,sterling,i.,marshall
61,mohammad,ali,saed
62,bruce,s.,tang
63,james,r.,mckenna
64,joanna,m.,grymes
65,,,
66,doron,,shalev
67,satyaki,,basu
68,robert,nicholas,antenucci
69,lena,,hall
70,brian,victor,bredenkamp
71,ronald,e.,hawkins
72,lin-,ying,lai
73,william,p.,yurochko
74,helene,,aiello
75,beryle,crockett,santon
76,,,
77,ann,marie,hellstern
78,enrique,l.,kilayko
79,cynthia,a.,arnold
80,libra,jan cleveland,gysel
81,juan,p.,arhancet
82,ha,chul,kim
83,jorge,luis yordan,hernandez
84,john,alan,chermak
85,robert,thomas,arenburg
86,christine,mae,gruhn
87,gbemiga,a.,ayangbile
88,david,h.,cohen
89,alfred,i.,raff
90,linda,e.,morris
91,anthony,j.,oliveira
92,lillie,mae,anderton
93,k.d.,,bennett
94,susan,,semanic-lauth
95,chian-yeun,,chang
96,allen,lee,sehn
97,zhiqiang,,wang
98,william,john,chism
99,thomas,f.,barton
