first_name1,middle_name1,last_name1
chih-ping,,tso
,,
,,
chryssostomos,,chryssostomidis
,,
peter,joseph,palmer
,,
,,
alfred,i.,raff
,,
,,[
,,
,,
,,
,,
,,
gerald,,gruber
,,[
,,
george,,nez
charles,winfred,washburn
,,
frederick,h.,reuter
,,
thesis,,supervisor
watt,wetmore,webb
,,
,,
,,
harold,winfield,wyckoff
,,
,,
,,
,,
,,
eric,hershler,bott
,,
,,
,,
steven,c.,hayes
william,harold,soupcoff
david,,cylkowskt
vivian,ellen,loftness
sanford,j.,neuhaus
,,
,,
,,
,,
,,
,,
,,
,,
,,
richard,j.yfenchak,yg
john,william,heligeth
walid,khaled,eid
,,
thomas,a.,dingus
mickey,e.,gunter
,,
,,
,,
,,
mohammad,ali,saed
,,
,,
joanna,m.,grymes
,,
,,
,,
,,
brian,victor,bredenkamp
ronald,e.,hawkins
,,
,,
helene,,aiello
beryle,crockett,santon
,,
,,
cynthia,a.,arnold
libra,jan cleveland,gysel
juan,p.,arhancet
ha,chul,kim
jorge,luis yordan,hernandez
john,alan,chermak
,,
christine,mae,gruhn
,,
david,h.,cohen
linda,e.,mormis
anthony,j.,oliveira
lillie,mae,anderton
k.d.,,bennett
,,
chian-yeun,,chang
allen,lee,sehn
,,
,,
,,
,,
